"date","Year","Month","Day","value"
1967-08-01,1967,8,1,178
1967-08-02,1967,8,2,228
1967-08-03,1967,8,3,239
1967-08-04,1967,8,4,183
1967-08-05,1967,8,5,178
1967-08-06,1967,8,6,200
1967-08-07,1967,8,7,222
1967-08-08,1967,8,8,222
1967-08-09,1967,8,9,222
1967-08-10,1967,8,10,211
1967-08-11,1967,8,11,206
1967-08-12,1967,8,12,233
1967-08-13,1967,8,13,217
1967-08-14,1967,8,14,217
1967-08-15,1967,8,15,222
1967-08-16,1967,8,16,200
1967-08-17,1967,8,17,211
1967-08-18,1967,8,18,206
1967-08-19,1967,8,19,222
1967-08-20,1967,8,20,217
1967-08-21,1967,8,21,244
1967-08-22,1967,8,22,239
1967-08-23,1967,8,23,250
1967-08-24,1967,8,24,239
1967-08-25,1967,8,25,239
1967-08-26,1967,8,26,239
1967-08-27,1967,8,27,239
1967-08-28,1967,8,28,239
1967-08-29,1967,8,29,222
1967-08-30,1967,8,30,239
1967-08-31,1967,8,31,261
1967-09-01,1967,9,1,194
1967-09-02,1967,9,2,211
1967-09-03,1967,9,3,206
1967-09-04,1967,9,4,200
1967-09-05,1967,9,5,217
1967-09-06,1967,9,6,233
1967-09-07,1967,9,7,244
1967-09-08,1967,9,8,261
1967-09-09,1967,9,9,233
1967-09-10,1967,9,10,222
1967-09-11,1967,9,11,228
1967-09-12,1967,9,12,244
1967-09-13,1967,9,13,228
1967-09-14,1967,9,14,211
1967-09-15,1967,9,15,233
1967-09-16,1967,9,16,239
1967-09-17,1967,9,17,228
1967-09-18,1967,9,18,222
1967-09-19,1967,9,19,228
1967-09-20,1967,9,20,244
1967-09-21,1967,9,21,233
1967-09-22,1967,9,22,211
1967-09-23,1967,9,23,211
1967-09-24,1967,9,24,206
1967-09-25,1967,9,25,211
1967-09-26,1967,9,26,239
1967-09-27,1967,9,27,228
1967-09-28,1967,9,28,211
1967-09-29,1967,9,29,233
1967-09-30,1967,9,30,239
1967-10-01,1967,10,1,239
1967-10-02,1967,10,2,222
1967-10-03,1967,10,3,206
1967-10-04,1967,10,4,222
1967-10-05,1967,10,5,211
1967-10-06,1967,10,6,211
1967-10-07,1967,10,7,211
1967-10-08,1967,10,8,200
1967-10-09,1967,10,9,222
1967-10-10,1967,10,10,211
1967-10-11,1967,10,11,206
1967-10-12,1967,10,12,211
1967-10-13,1967,10,13,206
1967-10-14,1967,10,14,211
1967-10-15,1967,10,15,206
1967-10-16,1967,10,16,211
1967-10-17,1967,10,17,228
1967-10-18,1967,10,18,217
1967-10-19,1967,10,19,239
1967-10-20,1967,10,20,211
1967-10-21,1967,10,21,206
1967-10-22,1967,10,22,217
1967-10-23,1967,10,23,211
1967-10-24,1967,10,24,217
1967-10-25,1967,10,25,217
1967-10-26,1967,10,26,217
1967-10-27,1967,10,27,239
1967-10-28,1967,10,28,217
1967-10-29,1967,10,29,228
1967-10-30,1967,10,30,217
1967-10-31,1967,10,31,217
1967-11-01,1967,11,1,217
1967-11-02,1967,11,2,217
1967-11-03,1967,11,3,222
1967-11-04,1967,11,4,222
1967-11-05,1967,11,5,222
1967-11-06,1967,11,6,222
1967-11-07,1967,11,7,222
1967-11-08,1967,11,8,206
1967-11-09,1967,11,9,211
1967-11-10,1967,11,10,228
1967-11-11,1967,11,11,222
1967-11-12,1967,11,12,200
1967-11-13,1967,11,13,211
1967-11-14,1967,11,14,211
1967-11-15,1967,11,15,217
1967-11-16,1967,11,16,211
1967-11-17,1967,11,17,217
1967-11-18,1967,11,18,200
1967-11-19,1967,11,19,211
1967-11-20,1967,11,20,211
1967-11-21,1967,11,21,194
1967-11-22,1967,11,22,200
1967-11-23,1967,11,23,206
1967-11-24,1967,11,24,233
1967-11-25,1967,11,25,206
1967-11-26,1967,11,26,194
1967-11-27,1967,11,27,206
1967-11-28,1967,11,28,211
1967-11-29,1967,11,29,206
1967-11-30,1967,11,30,222
1967-12-01,1967,12,1,206
1967-12-02,1967,12,2,206
1967-12-03,1967,12,3,219
1967-12-04,1967,12,4,200
1967-12-05,1967,12,5,206
1967-12-06,1967,12,6,222
1967-12-07,1967,12,7,222
1967-12-08,1967,12,8,222
1967-12-09,1967,12,9,228
1967-12-10,1967,12,10,222
1967-12-11,1967,12,11,222
1967-12-12,1967,12,12,222
1967-12-13,1967,12,13,211
1967-12-14,1967,12,14,222
1967-12-15,1967,12,15,222
1967-12-16,1967,12,16,211
1967-12-17,1967,12,17,228
1967-12-18,1967,12,18,200
1967-12-19,1967,12,19,156
1967-12-20,1967,12,20,200
1967-12-21,1967,12,21,183
1967-12-22,1967,12,22,211
1967-12-23,1967,12,23,211
1967-12-24,1967,12,24,217
1967-12-25,1967,12,25,222
1967-12-26,1967,12,26,222
1967-12-27,1967,12,27,183
1967-12-28,1967,12,28,244
1967-12-29,1967,12,29,233
1967-12-30,1967,12,30,228
1967-12-31,1967,12,31,244
1968-01-01,1968,1,1,200
1968-01-02,1968,1,2,194
1968-01-03,1968,1,3,189
1968-01-04,1968,1,4,178
1968-01-05,1968,1,5,178
1968-01-06,1968,1,6,278
1968-01-07,1968,1,7,200
1968-01-08,1968,1,8,200
1968-01-09,1968,1,9,200
1968-01-10,1968,1,10,206
1968-01-11,1968,1,11,200
1968-01-12,1968,1,12,200
1968-01-13,1968,1,13,206
1968-01-14,1968,1,14,206
1968-01-15,1968,1,15,228
1968-01-16,1968,1,16,228
1968-01-17,1968,1,17,238
1968-01-18,1968,1,18,238
1968-01-19,1968,1,19,238
1968-01-20,1968,1,20,258
1968-01-21,1968,1,21,238
1968-01-22,1968,1,22,228
1968-01-23,1968,1,23,208
1968-01-24,1968,1,24,228
1968-01-25,1968,1,25,217
1968-01-26,1968,1,26,206
1968-01-27,1968,1,27,217
1968-01-28,1968,1,28,211
1968-01-29,1968,1,29,222
1968-01-30,1968,1,30,222
1968-01-31,1968,1,31,217
1968-02-01,1968,2,1,206
1968-02-02,1968,2,2,200
1968-02-03,1968,2,3,206
1968-02-04,1968,2,4,206
1968-02-05,1968,2,5,206
1968-02-06,1968,2,6,200
1968-02-07,1968,2,7,200
1968-02-08,1968,2,8,200
1968-02-09,1968,2,9,200
1968-02-10,1968,2,10,239
1968-02-11,1968,2,11,211
1968-02-12,1968,2,12,200
1968-02-13,1968,2,13,200
1968-02-14,1968,2,14,206
1968-02-15,1968,2,15,211
1968-02-16,1968,2,16,206
1968-02-17,1968,2,17,200
1968-02-18,1968,2,18,206
1968-02-19,1968,2,19,206
1968-02-20,1968,2,20,206
1968-02-21,1968,2,21,189
1968-02-22,1968,2,22,189
1968-02-23,1968,2,23,217
1968-02-24,1968,2,24,200
1968-02-25,1968,2,25,200
1968-02-26,1968,2,26,200
1968-02-27,1968,2,27,200
1968-02-28,1968,2,28,200
1968-02-29,1968,2,29,206
1968-03-01,1968,3,1,200
1968-03-02,1968,3,2,200
1968-03-03,1968,3,3,200
1968-03-04,1968,3,4,206
1968-03-05,1968,3,5,200
1968-03-06,1968,3,6,211
1968-03-07,1968,3,7,206
1968-03-08,1968,3,8,200
1968-03-09,1968,3,9,200
1968-03-10,1968,3,10,200
1968-03-11,1968,3,11,211
1968-03-12,1968,3,12,194
1968-03-13,1968,3,13,189
1968-03-14,1968,3,14,189
1968-03-15,1968,3,15,211
1968-03-16,1968,3,16,194
1968-03-17,1968,3,17,189
1968-03-18,1968,3,18,206
1968-03-19,1968,3,19,200
1968-03-20,1968,3,20,189
1968-03-21,1968,3,21,200
1968-03-22,1968,3,22,200
1968-03-23,1968,3,23,200
1968-03-24,1968,3,24,189
1968-03-25,1968,3,25,194
1968-03-26,1968,3,26,194
1968-03-27,1968,3,27,189
1968-03-28,1968,3,28,194
1968-03-29,1968,3,29,183
1968-03-30,1968,3,30,172
1968-03-31,1968,3,31,183
1968-04-01,1968,4,1,194
1968-04-02,1968,4,2,206
1968-04-03,1968,4,3,200
1968-04-04,1968,4,4,194
1968-04-05,1968,4,5,194
1968-04-06,1968,4,6,189
1968-04-07,1968,4,7,189
1968-04-08,1968,4,8,194
1968-04-09,1968,4,9,206
1968-04-10,1968,4,10,178
1968-04-11,1968,4,11,178
1968-04-12,1968,4,12,183
1968-04-13,1968,4,13,189
1968-04-14,1968,4,14,189
1968-04-15,1968,4,15,189
1968-04-16,1968,4,16,206
1968-04-17,1968,4,17,183
1968-04-18,1968,4,18,178
1968-04-19,1968,4,19,183
1968-04-20,1968,4,20,189
1968-04-21,1968,4,21,183
1968-04-22,1968,4,22,167
1968-04-23,1968,4,23,172
1968-04-24,1968,4,24,172
1968-04-25,1968,4,25,172
1968-04-26,1968,4,26,161
1968-04-27,1968,4,27,183
1968-04-28,1968,4,28,167
1968-04-29,1968,4,29,172
1968-04-30,1968,4,30,172
1968-05-01,1968,5,1,200
1968-05-02,1968,5,2,178
1968-05-03,1968,5,3,228
1968-05-04,1968,5,4,222
1968-05-05,1968,5,5,222
1968-05-06,1968,5,6,200
1968-05-07,1968,5,7,206
1968-05-08,1968,5,8,206
1968-05-09,1968,5,9,222
1968-05-10,1968,5,10,233
1968-05-11,1968,5,11,233
1968-05-12,1968,5,12,228
1968-05-13,1968,5,13,222
1968-05-14,1968,5,14,228
1968-05-15,1968,5,15,233
1968-05-16,1968,5,16,222
1968-05-17,1968,5,17,217
1968-05-18,1968,5,18,222
1968-05-19,1968,5,19,217
1968-05-20,1968,5,20,222
1968-05-21,1968,5,21,222
1968-05-22,1968,5,22,217
1968-05-23,1968,5,23,211
1968-05-24,1968,5,24,217
1968-05-25,1968,5,25,228
1968-05-26,1968,5,26,211
1968-05-27,1968,5,27,211
1968-05-28,1968,5,28,211
1968-05-29,1968,5,29,211
1968-05-30,1968,5,30,200
1968-05-31,1968,5,31,200
1968-06-01,1968,6,1,200
1968-06-02,1968,6,2,194
1968-06-03,1968,6,3,194
1968-06-04,1968,6,4,211
1968-06-05,1968,6,5,222
1968-06-06,1968,6,6,183
1968-06-07,1968,6,7,239
1968-06-08,1968,6,8,217
1968-06-09,1968,6,9,206
1968-06-10,1968,6,10,211
1968-06-11,1968,6,11,200
1968-06-12,1968,6,12,217
1968-06-13,1968,6,13,222
1968-06-14,1968,6,14,233
1968-06-15,1968,6,15,250
1968-06-16,1968,6,16,233
1968-06-17,1968,6,17,233
1968-06-18,1968,6,18,239
1968-06-19,1968,6,19,233
1968-06-20,1968,6,20,239
1968-06-21,1968,6,21,244
1968-06-22,1968,6,22,244
1968-06-23,1968,6,23,228
1968-06-24,1968,6,24,211
1968-06-25,1968,6,25,217
1968-06-26,1968,6,26,239
1968-06-27,1968,6,27,206
1968-06-28,1968,6,28,233
1968-06-29,1968,6,29,239
1968-06-30,1968,6,30,217
1968-07-01,1968,7,1,200
1968-07-02,1968,7,2,228
1968-07-03,1968,7,3,200
1968-07-04,1968,7,4,206
1968-07-05,1968,7,5,217
1968-07-06,1968,7,6,222
1968-07-07,1968,7,7,228
1968-07-08,1968,7,8,228
1968-07-09,1968,7,9,217
1968-07-10,1968,7,10,217
1968-07-11,1968,7,11,206
1968-07-12,1968,7,12,206
1968-07-13,1968,7,13,206
1968-07-14,1968,7,14,200
1968-07-15,1968,7,15,206
1968-07-16,1968,7,16,206
1968-07-17,1968,7,17,200
1968-07-18,1968,7,18,200
1968-07-19,1968,7,19,217
1968-07-20,1968,7,20,228
1968-07-21,1968,7,21,222
1968-07-22,1968,7,22,222
1968-07-23,1968,7,23,228
1968-07-24,1968,7,24,228
1968-07-25,1968,7,25,222
1968-07-26,1968,7,26,233
1968-07-27,1968,7,27,228
1968-07-28,1968,7,28,222
1968-07-29,1968,7,29,256
1968-07-30,1968,7,30,206
1968-07-31,1968,7,31,222
1968-08-01,1968,8,1,217
1968-08-02,1968,8,2,217
1968-08-03,1968,8,3,200
1968-08-04,1968,8,4,206
1968-08-05,1968,8,5,222
1968-08-06,1968,8,6,233
1968-08-07,1968,8,7,222
1968-08-08,1968,8,8,222
1968-08-09,1968,8,9,239
1968-08-10,1968,8,10,222
1968-08-11,1968,8,11,211
1968-08-12,1968,8,12,222
1968-08-13,1968,8,13,228
1968-08-14,1968,8,14,183
1968-08-15,1968,8,15,194
1968-08-16,1968,8,16,194
1968-08-17,1968,8,17,183
1968-08-18,1968,8,18,189
1968-08-19,1968,8,19,200
1968-08-20,1968,8,20,206
1968-08-21,1968,8,21,222
1968-08-22,1968,8,22,233
1968-08-23,1968,8,23,211
1968-08-24,1968,8,24,172
1968-08-25,1968,8,25,211
1968-08-26,1968,8,26,172
1968-08-27,1968,8,27,233
1968-08-28,1968,8,28,250
1968-08-29,1968,8,29,217
1968-08-30,1968,8,30,200
1968-08-31,1968,8,31,183
1968-09-01,1968,9,1,251
1968-09-02,1968,9,2,211
1968-09-03,1968,9,3,221
1968-09-04,1968,9,4,261
1968-09-05,1968,9,5,231
1968-09-06,1968,9,6,231
1968-09-07,1968,9,7,231
1968-09-08,1968,9,8,261
1968-09-09,1968,9,9,221
1968-09-10,1968,9,10,261
1968-09-11,1968,9,11,231
1968-09-12,1968,9,12,251
1968-09-13,1968,9,13,251
1968-09-14,1968,9,14,191
1968-09-15,1968,9,15,231
1968-09-16,1968,9,16,271
1968-09-17,1968,9,17,231
1968-09-18,1968,9,18,261
1968-09-19,1968,9,19,241
1968-09-20,1968,9,20,191
1968-09-21,1968,9,21,231
1968-09-22,1968,9,22,241
1968-09-23,1968,9,23,191
1968-09-24,1968,9,24,231
1968-09-25,1968,9,25,221
1968-09-26,1968,9,26,261
1968-09-27,1968,9,27,231
1968-09-28,1968,9,28,231
1968-09-29,1968,9,29,241
1968-09-30,1968,9,30,201
1968-10-01,1968,10,1,211
1968-10-02,1968,10,2,217
1968-10-03,1968,10,3,239
1968-10-04,1968,10,4,211
1968-10-05,1968,10,5,217
1968-10-06,1968,10,6,211
1968-10-07,1968,10,7,217
1968-10-08,1968,10,8,217
1968-10-09,1968,10,9,217
1968-10-10,1968,10,10,211
1968-10-11,1968,10,11,233
1968-10-12,1968,10,12,233
1968-10-13,1968,10,13,217
1968-10-14,1968,10,14,222
1968-10-15,1968,10,15,228
1968-10-16,1968,10,16,228
1968-10-17,1968,10,17,217
1968-10-18,1968,10,18,206
1968-10-19,1968,10,19,228
1968-10-20,1968,10,20,239
1968-10-21,1968,10,21,239
1968-10-22,1968,10,22,233
1968-10-23,1968,10,23,217
1968-10-24,1968,10,24,228
1968-10-25,1968,10,25,211
1968-10-26,1968,10,26,217
1968-10-27,1968,10,27,217
1968-10-28,1968,10,28,217
1968-10-29,1968,10,29,244
1968-10-30,1968,10,30,239
1968-10-31,1968,10,31,239
1968-11-01,1968,11,1,233
1968-11-02,1968,11,2,217
1968-11-03,1968,11,3,217
1968-11-04,1968,11,4,222
1968-11-05,1968,11,5,228
1968-11-06,1968,11,6,222
1968-11-07,1968,11,7,217
1968-11-08,1968,11,8,217
1968-11-09,1968,11,9,244
1968-11-10,1968,11,10,228
1968-11-11,1968,11,11,217
1968-11-12,1968,11,12,228
1968-11-13,1968,11,13,228
1968-11-14,1968,11,14,228
1968-11-15,1968,11,15,217
1968-11-16,1968,11,16,233
1968-11-17,1968,11,17,222
1968-11-18,1968,11,18,217
1968-11-19,1968,11,19,217
1968-11-20,1968,11,20,211
1968-11-21,1968,11,21,211
1968-11-22,1968,11,22,194
1968-11-23,1968,11,23,228
1968-11-24,1968,11,24,228
1968-11-25,1968,11,25,244
1968-11-26,1968,11,26,233
1968-11-27,1968,11,27,228
1968-11-28,1968,11,28,232
1968-11-29,1968,11,29,228
1968-11-30,1968,11,30,222
1968-12-01,1968,12,1,217
1968-12-02,1968,12,2,217
1968-12-03,1968,12,3,233
1968-12-04,1968,12,4,228
1968-12-05,1968,12,5,233
1968-12-06,1968,12,6,211
1968-12-07,1968,12,7,222
1968-12-08,1968,12,8,217
1968-12-09,1968,12,9,239
1968-12-10,1968,12,10,228
1968-12-11,1968,12,11,222
1968-12-12,1968,12,12,222
1968-12-13,1968,12,13,222
1968-12-14,1968,12,14,228
1968-12-15,1968,12,15,211
1968-12-16,1968,12,16,206
1968-12-17,1968,12,17,233
1968-12-18,1968,12,18,222
1968-12-19,1968,12,19,228
1968-12-20,1968,12,20,239
1968-12-21,1968,12,21,222
1968-12-22,1968,12,22,233
1968-12-23,1968,12,23,261
1968-12-24,1968,12,24,256
1968-12-25,1968,12,25,244
1968-12-26,1968,12,26,256
1968-12-27,1968,12,27,250
1968-12-28,1968,12,28,228
1968-12-29,1968,12,29,217
1968-12-30,1968,12,30,222
1968-12-31,1968,12,31,217
1969-01-01,1969,1,1,222
1969-01-02,1969,1,2,233
1969-01-03,1969,1,3,228
1969-01-04,1969,1,4,228
1969-01-05,1969,1,5,233
1969-01-06,1969,1,6,228
1969-01-07,1969,1,7,233
1969-01-08,1969,1,8,228
1969-01-09,1969,1,9,228
1969-01-10,1969,1,10,233
1969-01-11,1969,1,11,222
1969-01-12,1969,1,12,228
1969-01-13,1969,1,13,233
1969-01-14,1969,1,14,206
1969-01-15,1969,1,15,233
1969-01-16,1969,1,16,228
1969-01-17,1969,1,17,228
1969-01-18,1969,1,18,233
1969-01-19,1969,1,19,222
1969-01-20,1969,1,20,222
1969-01-21,1969,1,21,228
1969-01-22,1969,1,22,228
1969-01-23,1969,1,23,217
1969-01-24,1969,1,24,211
1969-01-25,1969,1,25,222
1969-01-26,1969,1,26,239
1969-01-27,1969,1,27,233
1969-01-28,1969,1,28,233
1969-01-29,1969,1,29,239
1969-01-30,1969,1,30,228
1969-01-31,1969,1,31,222
1969-02-01,1969,2,1,289
1969-02-02,1969,2,2,244
1969-02-03,1969,2,3,239
1969-02-04,1969,2,4,239
1969-02-05,1969,2,5,222
1969-02-06,1969,2,6,256
1969-02-07,1969,2,7,256
1969-02-08,1969,2,8,233
1969-02-09,1969,2,9,244
1969-02-10,1969,2,10,239
1969-02-11,1969,2,11,222
1969-02-12,1969,2,12,239
1969-02-13,1969,2,13,239
1969-02-14,1969,2,14,222
1969-02-15,1969,2,15,233
1969-02-16,1969,2,16,233
1969-02-17,1969,2,17,233
1969-02-18,1969,2,18,239
1969-02-19,1969,2,19,256
1969-02-20,1969,2,20,239
1969-02-21,1969,2,21,244
1969-02-22,1969,2,22,244
1969-02-23,1969,2,23,244
1969-02-24,1969,2,24,217
1969-02-25,1969,2,25,244
1969-02-26,1969,2,26,256
1969-02-27,1969,2,27,250
1969-02-28,1969,2,28,233
1969-03-01,1969,3,1,239
1969-03-02,1969,3,2,239
1969-03-03,1969,3,3,244
1969-03-04,1969,3,4,233
1969-03-05,1969,3,5,244
1969-03-06,1969,3,6,244
1969-03-07,1969,3,7,239
1969-03-08,1969,3,8,256
1969-03-09,1969,3,9,233
1969-03-10,1969,3,10,239
1969-03-11,1969,3,11,244
1969-03-12,1969,3,12,233
1969-03-13,1969,3,13,233
1969-03-14,1969,3,14,244
1969-03-15,1969,3,15,239
1969-03-16,1969,3,16,233
1969-03-17,1969,3,17,239
1969-03-18,1969,3,18,244
1969-03-19,1969,3,19,239
1969-03-20,1969,3,20,250
1969-03-21,1969,3,21,239
1969-03-22,1969,3,22,244
1969-03-23,1969,3,23,228
1969-03-24,1969,3,24,239
1969-03-25,1969,3,25,239
1969-03-26,1969,3,26,239
1969-03-27,1969,3,27,233
1969-03-28,1969,3,28,228
1969-03-29,1969,3,29,244
1969-03-30,1969,3,30,228
1969-03-31,1969,3,31,217
1969-04-01,1969,4,1,222
1969-04-02,1969,4,2,228
1969-04-03,1969,4,3,233
1969-04-04,1969,4,4,233
1969-04-05,1969,4,5,233
1969-04-06,1969,4,6,239
1969-04-07,1969,4,7,239
1969-04-08,1969,4,8,233
1969-04-09,1969,4,9,244
1969-04-10,1969,4,10,239
1969-04-11,1969,4,11,239
1969-04-12,1969,4,12,222
1969-04-13,1969,4,13,250
1969-04-14,1969,4,14,256
1969-04-15,1969,4,15,239
1969-04-16,1969,4,16,233
1969-04-17,1969,4,17,239
1969-04-18,1969,4,18,244
1969-04-19,1969,4,19,233
1969-04-20,1969,4,20,233
1969-04-21,1969,4,21,244
1969-04-22,1969,4,22,250
1969-04-23,1969,4,23,233
1969-04-24,1969,4,24,239
1969-04-25,1969,4,25,239
1969-04-26,1969,4,26,233
1969-04-27,1969,4,27,239
1969-04-28,1969,4,28,256
1969-04-29,1969,4,29,228
1969-04-30,1969,4,30,244
1969-05-01,1969,5,1,233
1969-05-02,1969,5,2,250
1969-05-03,1969,5,3,239
1969-05-04,1969,5,4,239
1969-05-05,1969,5,5,250
1969-05-06,1969,5,6,239
1969-05-07,1969,5,7,244
1969-05-08,1969,5,8,250
1969-05-09,1969,5,9,250
1969-05-10,1969,5,10,233
1969-05-11,1969,5,11,222
1969-05-12,1969,5,12,233
1969-05-13,1969,5,13,244
1969-05-14,1969,5,14,244
1969-05-15,1969,5,15,244
1969-05-16,1969,5,16,222
1969-05-17,1969,5,17,250
1969-05-18,1969,5,18,250
1969-05-19,1969,5,19,239
1969-05-20,1969,5,20,256
1969-05-21,1969,5,21,239
1969-05-22,1969,5,22,217
1969-05-23,1969,5,23,217
1969-05-24,1969,5,24,189
1969-05-25,1969,5,25,222
1969-05-26,1969,5,26,217
1969-05-27,1969,5,27,206
1969-05-28,1969,5,28,217
1969-05-29,1969,5,29,222
1969-05-30,1969,5,30,222
1969-05-31,1969,5,31,244
1969-06-01,1969,6,1,239
1969-06-02,1969,6,2,222
1969-06-03,1969,6,3,206
1969-06-04,1969,6,4,206
1969-06-05,1969,6,5,200
1969-06-06,1969,6,6,233
1969-06-07,1969,6,7,256
1969-06-08,1969,6,8,233
1969-06-09,1969,6,9,217
1969-06-10,1969,6,10,206
1969-06-11,1969,6,11,244
1969-06-12,1969,6,12,233
1969-06-13,1969,6,13,244
1969-06-14,1969,6,14,233
1969-06-15,1969,6,15,233
1969-06-16,1969,6,16,244
1969-06-17,1969,6,17,244
1969-06-18,1969,6,18,244
1969-06-19,1969,6,19,233
1969-06-20,1969,6,20,250
1969-06-21,1969,6,21,256
1969-06-22,1969,6,22,250
1969-06-23,1969,6,23,244
1969-06-24,1969,6,24,244
1969-06-25,1969,6,25,244
1969-06-26,1969,6,26,233
1969-06-27,1969,6,27,250
1969-06-28,1969,6,28,239
1969-06-29,1969,6,29,217
1969-06-30,1969,6,30,256
1969-07-01,1969,7,1,256
1969-07-02,1969,7,2,261
1969-07-03,1969,7,3,228
1969-07-04,1969,7,4,233
1969-07-05,1969,7,5,222
1969-07-06,1969,7,6,233
1969-07-07,1969,7,7,233
1969-07-08,1969,7,8,228
1969-07-09,1969,7,9,261
1969-07-10,1969,7,10,222
1969-07-11,1969,7,11,233
1969-07-12,1969,7,12,250
1969-07-13,1969,7,13,233
1969-07-14,1969,7,14,233
1969-07-15,1969,7,15,228
1969-07-16,1969,7,16,233
1969-07-17,1969,7,17,233
1969-07-18,1969,7,18,233
1969-07-19,1969,7,19,239
1969-07-20,1969,7,20,217
1969-07-21,1969,7,21,233
1969-07-22,1969,7,22,233
1969-07-23,1969,7,23,178
1969-07-24,1969,7,24,211
1969-07-25,1969,7,25,233
1969-07-26,1969,7,26,222
1969-07-27,1969,7,27,222
1969-07-28,1969,7,28,244
1969-07-29,1969,7,29,239
1969-07-30,1969,7,30,239
1969-07-31,1969,7,31,244
1969-08-01,1969,8,1,244
1969-08-02,1969,8,2,233
1969-08-03,1969,8,3,233
1969-08-04,1969,8,4,233
1969-08-05,1969,8,5,239
1969-08-06,1969,8,6,228
1969-08-07,1969,8,7,233
1969-08-08,1969,8,8,233
1969-08-09,1969,8,9,233
1969-08-10,1969,8,10,228
1969-08-11,1969,8,11,228
1969-08-12,1969,8,12,244
1969-08-13,1969,8,13,250
1969-08-14,1969,8,14,228
1969-08-15,1969,8,15,228
1969-08-16,1969,8,16,233
1969-08-17,1969,8,17,239
1969-08-18,1969,8,18,233
1969-08-19,1969,8,19,233
1969-08-20,1969,8,20,228
1969-08-21,1969,8,21,217
1969-08-22,1969,8,22,233
1969-08-23,1969,8,23,233
1969-08-24,1969,8,24,244
1969-08-25,1969,8,25,233
1969-08-26,1969,8,26,244
1969-08-27,1969,8,27,256
1969-08-28,1969,8,28,217
1969-08-29,1969,8,29,228
1969-08-30,1969,8,30,228
1969-08-31,1969,8,31,222
1969-09-01,1969,9,1,233
1969-09-02,1969,9,2,228
1969-09-03,1969,9,3,233
1969-09-04,1969,9,4,239
1969-09-05,1969,9,5,217
1969-09-06,1969,9,6,244
1969-09-07,1969,9,7,233
1969-09-08,1969,9,8,233
1969-09-09,1969,9,9,244
1969-09-10,1969,9,10,261
1969-09-11,1969,9,11,183
1969-09-12,1969,9,12,189
1969-09-13,1969,9,13,189
1969-09-14,1969,9,14,194
1969-09-15,1969,9,15,250
1969-09-16,1969,9,16,244
1969-09-17,1969,9,17,239
1969-09-18,1969,9,18,250
1969-09-19,1969,9,19,189
1969-09-20,1969,9,20,189
1969-09-21,1969,9,21,200
1969-09-22,1969,9,22,222
1969-09-23,1969,9,23,200
1969-09-24,1969,9,24,194
1969-09-25,1969,9,25,189
1969-09-26,1969,9,26,200
1969-09-27,1969,9,27,217
1969-09-28,1969,9,28,239
1969-09-29,1969,9,29,233
1969-09-30,1969,9,30,233
1969-10-01,1969,10,1,239
1969-10-02,1969,10,2,200
1969-10-03,1969,10,3,239
1969-10-04,1969,10,4,250
1969-10-05,1969,10,5,244
1969-10-06,1969,10,6,256
1969-10-07,1969,10,7,244
1969-10-08,1969,10,8,244
1969-10-09,1969,10,9,244
1969-10-10,1969,10,10,244
1969-10-11,1969,10,11,244
1969-10-12,1969,10,12,250
1969-10-13,1969,10,13,244
1969-10-14,1969,10,14,239
1969-10-15,1969,10,15,233
1969-10-16,1969,10,16,239
1969-10-17,1969,10,17,239
1969-10-18,1969,10,18,244
1969-10-19,1969,10,19,239
1969-10-20,1969,10,20,233
1969-10-21,1969,10,21,233
1969-10-22,1969,10,22,228
1969-10-23,1969,10,23,239
1969-10-24,1969,10,24,233
1969-10-25,1969,10,25,233
1969-10-26,1969,10,26,233
1969-10-27,1969,10,27,239
1969-10-28,1969,10,28,233
1969-10-29,1969,10,29,239
1969-10-30,1969,10,30,250
1969-10-31,1969,10,31,228
1969-11-01,1969,11,1,250
1969-11-02,1969,11,2,244
1969-11-03,1969,11,3,239
1969-11-04,1969,11,4,244
1969-11-05,1969,11,5,239
1969-11-06,1969,11,6,233
1969-11-07,1969,11,7,250
1969-11-08,1969,11,8,244
1969-11-09,1969,11,9,256
1969-11-10,1969,11,10,244
1969-11-11,1969,11,11,233
1969-11-12,1969,11,12,233
1969-11-13,1969,11,13,244
1969-11-14,1969,11,14,244
1969-11-15,1969,11,15,233
1969-11-16,1969,11,16,250
1969-11-17,1969,11,17,244
1969-11-18,1969,11,18,233
1969-11-19,1969,11,19,239
1969-11-20,1969,11,20,244
1969-11-21,1969,11,21,233
1969-11-22,1969,11,22,233
1969-11-23,1969,11,23,211
1969-11-24,1969,11,24,233
1969-11-25,1969,11,25,256
1969-11-26,1969,11,26,239
1969-11-27,1969,11,27,228
1969-11-28,1969,11,28,222
1969-11-29,1969,11,29,228
1969-11-30,1969,11,30,228
1969-12-01,1969,12,1,261
1969-12-02,1969,12,2,267
1969-12-03,1969,12,3,233
1969-12-04,1969,12,4,239
1969-12-05,1969,12,5,239
1969-12-06,1969,12,6,233
1969-12-07,1969,12,7,239
1969-12-08,1969,12,8,228
1969-12-09,1969,12,9,239
1969-12-10,1969,12,10,239
1969-12-11,1969,12,11,233
1969-12-12,1969,12,12,233
1969-12-13,1969,12,13,244
1969-12-14,1969,12,14,239
1969-12-15,1969,12,15,249
1969-12-16,1969,12,16,229
1969-12-17,1969,12,17,229
1969-12-18,1969,12,18,209
1969-12-19,1969,12,19,219
1969-12-20,1969,12,20,239
1969-12-21,1969,12,21,239
1969-12-22,1969,12,22,249
1969-12-23,1969,12,23,259
1969-12-24,1969,12,24,239
1969-12-25,1969,12,25,233
1969-12-26,1969,12,26,244
1969-12-27,1969,12,27,239
1969-12-28,1969,12,28,239
1969-12-29,1969,12,29,222
1969-12-30,1969,12,30,211
1969-12-31,1969,12,31,206
1970-01-01,1970,1,1,222
1970-01-02,1970,1,2,233
1970-01-03,1970,1,3,244
1970-01-04,1970,1,4,228
1970-01-05,1970,1,5,228
1970-01-06,1970,1,6,239
1970-01-07,1970,1,7,244
1970-01-08,1970,1,8,250
1970-01-09,1970,1,9,244
1970-01-10,1970,1,10,244
1970-01-11,1970,1,11,244
1970-01-12,1970,1,12,239
1970-01-13,1970,1,13,233
1970-01-14,1970,1,14,239
1970-01-15,1970,1,15,244
1970-01-16,1970,1,16,233
1970-01-17,1970,1,17,233
1970-01-18,1970,1,18,233
1970-01-19,1970,1,19,228
1970-01-20,1970,1,20,217
1970-01-21,1970,1,21,233
1970-01-22,1970,1,22,233
1970-01-23,1970,1,23,239
1970-01-24,1970,1,24,244
1970-01-25,1970,1,25,244
1970-01-26,1970,1,26,239
1970-01-27,1970,1,27,233
1970-01-28,1970,1,28,239
1970-01-29,1970,1,29,244
1970-01-30,1970,1,30,244
1970-01-31,1970,1,31,239
1970-02-01,1970,2,1,250
1970-02-02,1970,2,2,244
1970-02-03,1970,2,3,244
1970-02-04,1970,2,4,233
1970-02-05,1970,2,5,239
1970-02-06,1970,2,6,244
1970-02-07,1970,2,7,239
1970-02-08,1970,2,8,244
1970-02-09,1970,2,9,244
1970-02-10,1970,2,10,244
1970-02-11,1970,2,11,239
1970-02-12,1970,2,12,244
1970-02-13,1970,2,13,239
1970-02-14,1970,2,14,228
1970-02-15,1970,2,15,239
1970-02-16,1970,2,16,261
1970-02-17,1970,2,17,267
1970-02-18,1970,2,18,229
1970-02-19,1970,2,19,217
1970-02-20,1970,2,20,239
1970-02-21,1970,2,21,261
1970-02-22,1970,2,22,250
1970-02-23,1970,2,23,256
1970-02-24,1970,2,24,250
1970-02-25,1970,2,25,244
1970-02-26,1970,2,26,244
1970-02-27,1970,2,27,222
1970-02-28,1970,2,28,217
1970-03-01,1970,3,1,233
1970-03-02,1970,3,2,239
1970-03-03,1970,3,3,222
1970-03-04,1970,3,4,228
1970-03-05,1970,3,5,233
1970-03-06,1970,3,6,239
1970-03-07,1970,3,7,233
1970-03-08,1970,3,8,233
1970-03-09,1970,3,9,233
1970-03-10,1970,3,10,233
1970-03-11,1970,3,11,239
1970-03-12,1970,3,12,228
1970-03-13,1970,3,13,228
1970-03-14,1970,3,14,228
1970-03-15,1970,3,15,233
1970-03-16,1970,3,16,233
1970-03-17,1970,3,17,233
1970-03-18,1970,3,18,239
1970-03-19,1970,3,19,239
1970-03-20,1970,3,20,222
1970-03-21,1970,3,21,233
1970-03-22,1970,3,22,233
1970-03-23,1970,3,23,222
1970-03-24,1970,3,24,239
1970-03-25,1970,3,25,228
1970-03-26,1970,3,26,233
1970-03-27,1970,3,27,239
1970-03-28,1970,3,28,228
1970-03-29,1970,3,29,244
1970-03-30,1970,3,30,228
1970-03-31,1970,3,31,233
1970-04-01,1970,4,1,222
1970-04-02,1970,4,2,233
1970-04-03,1970,4,3,228
1970-04-04,1970,4,4,222
1970-04-05,1970,4,5,228
1970-04-06,1970,4,6,233
1970-04-07,1970,4,7,228
1970-04-08,1970,4,8,233
1970-04-09,1970,4,9,239
1970-04-10,1970,4,10,239
1970-04-11,1970,4,11,228
1970-04-12,1970,4,12,239
1970-04-13,1970,4,13,233
1970-04-14,1970,4,14,233
1970-04-15,1970,4,15,228
1970-04-16,1970,4,16,222
1970-04-17,1970,4,17,233
1970-04-18,1970,4,18,228
1970-04-19,1970,4,19,228
1970-04-20,1970,4,20,233
1970-04-21,1970,4,21,222
1970-04-22,1970,4,22,244
1970-04-23,1970,4,23,261
1970-04-24,1970,4,24,267
1970-04-25,1970,4,25,250
1970-04-26,1970,4,26,244
1970-04-27,1970,4,27,256
1970-04-28,1970,4,28,239
1970-04-29,1970,4,29,244
1970-04-30,1970,4,30,244
1970-05-01,1970,5,1,244
1970-05-02,1970,5,2,239
1970-05-03,1970,5,3,239
1970-05-04,1970,5,4,228
1970-05-05,1970,5,5,233
1970-05-06,1970,5,6,256
1970-05-07,1970,5,7,256
1970-05-08,1970,5,8,250
1970-05-09,1970,5,9,233
1970-05-10,1970,5,10,239
1970-05-11,1970,5,11,239
1970-05-12,1970,5,12,233
1970-05-13,1970,5,13,239
1970-05-14,1970,5,14,244
1970-05-15,1970,5,15,256
1970-05-16,1970,5,16,233
1970-05-17,1970,5,17,239
1970-05-18,1970,5,18,233
1970-05-19,1970,5,19,233
1970-05-20,1970,5,20,233
1970-05-21,1970,5,21,244
1970-05-22,1970,5,22,211
1970-05-23,1970,5,23,217
1970-05-24,1970,5,24,228
1970-05-25,1970,5,25,244
1970-05-26,1970,5,26,261
1970-05-27,1970,5,27,267
1970-05-28,1970,5,28,256
1970-05-29,1970,5,29,244
1970-05-30,1970,5,30,244
1970-05-31,1970,5,31,250
1970-06-01,1970,6,1,244
1970-06-02,1970,6,2,239
1970-06-03,1970,6,3,250
1970-06-04,1970,6,4,244
1970-06-05,1970,6,5,233
1970-06-06,1970,6,6,228
1970-06-07,1970,6,7,217
1970-06-08,1970,6,8,261
1970-06-09,1970,6,9,256
1970-06-10,1970,6,10,211
1970-06-11,1970,6,11,233
1970-06-12,1970,6,12,239
1970-06-13,1970,6,13,222
1970-06-14,1970,6,14,244
1970-06-15,1970,6,15,272
1970-06-16,1970,6,16,244
1970-06-17,1970,6,17,261
1970-06-18,1970,6,18,200
1970-06-19,1970,6,19,250
1970-06-20,1970,6,20,211
1970-06-21,1970,6,21,250
1970-06-22,1970,6,22,278
1970-06-23,1970,6,23,239
1970-06-24,1970,6,24,233
1970-06-25,1970,6,25,233
1970-06-26,1970,6,26,228
1970-06-27,1970,6,27,222
1970-06-28,1970,6,28,233
1970-06-29,1970,6,29,228
1970-06-30,1970,6,30,233
1970-07-01,1970,7,1,244
1970-07-02,1970,7,2,239
1970-07-03,1970,7,3,244
1970-07-04,1970,7,4,222
1970-07-05,1970,7,5,228
1970-07-06,1970,7,6,222
1970-07-07,1970,7,7,233
1970-07-08,1970,7,8,228
1970-07-09,1970,7,9,217
1970-07-10,1970,7,10,222
1970-07-11,1970,7,11,239
1970-07-12,1970,7,12,244
1970-07-13,1970,7,13,233
1970-07-14,1970,7,14,233
1970-07-15,1970,7,15,189
1970-07-16,1970,7,16,228
1970-07-17,1970,7,17,233
1970-07-18,1970,7,18,228
1970-07-19,1970,7,19,233
1970-07-20,1970,7,20,228
1970-07-21,1970,7,21,233
1970-07-22,1970,7,22,239
1970-07-23,1970,7,23,222
1970-07-24,1970,7,24,244
1970-07-25,1970,7,25,233
1970-07-26,1970,7,26,228
1970-07-27,1970,7,27,200
1970-07-28,1970,7,28,206
1970-07-29,1970,7,29,228
1970-07-30,1970,7,30,222
1970-07-31,1970,7,31,222
1970-08-01,1970,8,1,239
1970-08-02,1970,8,2,233
1970-08-03,1970,8,3,239
1970-08-04,1970,8,4,228
1970-08-05,1970,8,5,222
1970-08-06,1970,8,6,222
1970-08-07,1970,8,7,244
1970-08-08,1970,8,8,228
1970-08-09,1970,8,9,228
1970-08-10,1970,8,10,222
1970-08-11,1970,8,11,228
1970-08-12,1970,8,12,244
1970-08-13,1970,8,13,233
1970-08-14,1970,8,14,233
1970-08-15,1970,8,15,206
1970-08-16,1970,8,16,217
1970-08-17,1970,8,17,211
1970-08-18,1970,8,18,222
1970-08-19,1970,8,19,233
1970-08-20,1970,8,20,239
1970-08-21,1970,8,21,239
1970-08-22,1970,8,22,233
1970-08-23,1970,8,23,200
1970-08-24,1970,8,24,237
1970-08-25,1970,8,25,183
1970-08-26,1970,8,26,239
1970-08-27,1970,8,27,228
1970-08-28,1970,8,28,222
1970-08-29,1970,8,29,244
1970-08-30,1970,8,30,228
1970-08-31,1970,8,31,211
1970-09-01,1970,9,1,200
1970-09-02,1970,9,2,172
1970-09-03,1970,9,3,178
1970-09-04,1970,9,4,189
1970-09-05,1970,9,5,194
1970-09-06,1970,9,6,200
1970-09-07,1970,9,7,194
1970-09-08,1970,9,8,233
1970-09-09,1970,9,9,233
1970-09-10,1970,9,10,228
1970-09-11,1970,9,11,239
1970-09-12,1970,9,12,233
1970-09-13,1970,9,13,250
1970-09-14,1970,9,14,222
1970-09-15,1970,9,15,222
1970-09-16,1970,9,16,233
1970-09-17,1970,9,17,233
1970-09-18,1970,9,18,222
1970-09-19,1970,9,19,233
1970-09-20,1970,9,20,239
1970-09-21,1970,9,21,244
1970-09-22,1970,9,22,244
1970-09-23,1970,9,23,222
1970-09-24,1970,9,24,250
1970-09-25,1970,9,25,239
1970-09-26,1970,9,26,239
1970-09-27,1970,9,27,222
1970-09-28,1970,9,28,244
1970-09-29,1970,9,29,256
1970-09-30,1970,9,30,256
1970-10-01,1970,10,1,239
1970-10-02,1970,10,2,244
1970-10-03,1970,10,3,244
1970-10-04,1970,10,4,239
1970-10-05,1970,10,5,233
1970-10-06,1970,10,6,211
1970-10-07,1970,10,7,250
1970-10-08,1970,10,8,250
1970-10-09,1970,10,9,233
1970-10-10,1970,10,10,256
1970-10-11,1970,10,11,250
1970-10-12,1970,10,12,233
1970-10-13,1970,10,13,239
1970-10-14,1970,10,14,250
1970-10-15,1970,10,15,239
1970-10-16,1970,10,16,250
1970-10-17,1970,10,17,206
1970-10-18,1970,10,18,211
1970-10-19,1970,10,19,217
1970-10-20,1970,10,20,239
1970-10-21,1970,10,21,222
1970-10-22,1970,10,22,222
1970-10-23,1970,10,23,239
1970-10-24,1970,10,24,256
1970-10-25,1970,10,25,228
1970-10-26,1970,10,26,233
1970-10-27,1970,10,27,228
1970-10-28,1970,10,28,233
1970-10-29,1970,10,29,239
1970-10-30,1970,10,30,233
1970-10-31,1970,10,31,244
1970-11-01,1970,11,1,222
1970-11-02,1970,11,2,239
1970-11-03,1970,11,3,228
1970-11-04,1970,11,4,217
1970-11-05,1970,11,5,217
1970-11-06,1970,11,6,211
1970-11-07,1970,11,7,200
1970-11-08,1970,11,8,206
1970-11-09,1970,11,9,222
1970-11-10,1970,11,10,189
1970-11-11,1970,11,11,189
1970-11-12,1970,11,12,178
1970-11-13,1970,11,13,206
1970-11-14,1970,11,14,206
1970-11-15,1970,11,15,167
1970-11-16,1970,11,16,167
1970-11-17,1970,11,17,161
1970-11-18,1970,11,18,161
1970-11-19,1970,11,19,156
1970-11-20,1970,11,20,156
1970-11-21,1970,11,21,150
1970-11-22,1970,11,22,144
1970-11-23,1970,11,23,139
1970-11-24,1970,11,24,139
1970-11-25,1970,11,25,133
1970-11-26,1970,11,26,172
1970-11-27,1970,11,27,133
1970-11-28,1970,11,28,128
1970-11-29,1970,11,29,128
1970-11-30,1970,11,30,122
1970-12-01,1970,12,1,244
1970-12-02,1970,12,2,239
1970-12-03,1970,12,3,233
1970-12-04,1970,12,4,228
1970-12-05,1970,12,5,211
1970-12-06,1970,12,6,222
1970-12-07,1970,12,7,211
1970-12-08,1970,12,8,217
1970-12-09,1970,12,9,228
1970-12-10,1970,12,10,228
1970-12-11,1970,12,11,228
1970-12-12,1970,12,12,233
1970-12-13,1970,12,13,217
1970-12-14,1970,12,14,228
1970-12-15,1970,12,15,244
1970-12-16,1970,12,16,228
1970-12-17,1970,12,17,233
1970-12-18,1970,12,18,233
1970-12-19,1970,12,19,233
1970-12-20,1970,12,20,233
1970-12-21,1970,12,21,228
1970-12-22,1970,12,22,217
1970-12-23,1970,12,23,228
1970-12-24,1970,12,24,-111
1970-12-25,1970,12,25,211
1970-12-26,1970,12,26,222
1970-12-27,1970,12,27,239
1970-12-28,1970,12,28,233
1970-12-29,1970,12,29,233
1970-12-30,1970,12,30,233
1970-12-31,1970,12,31,261
1971-01-01,1971,1,1,233
1971-01-02,1971,1,2,228
1971-01-03,1971,1,3,217
1971-01-04,1971,1,4,222
1971-01-05,1971,1,5,244
1971-01-06,1971,1,6,244
1971-01-07,1971,1,7,244
1971-01-08,1971,1,8,239
1971-01-09,1971,1,9,256
1971-01-10,1971,1,10,250
1971-01-11,1971,1,11,239
1971-01-12,1971,1,12,233
1971-01-13,1971,1,13,228
1971-01-14,1971,1,14,228
1971-01-15,1971,1,15,222
1971-01-16,1971,1,16,222
1971-01-17,1971,1,17,233
1971-01-18,1971,1,18,239
1971-01-19,1971,1,19,244
1971-01-20,1971,1,20,233
1971-01-21,1971,1,21,239
1971-01-22,1971,1,22,222
1971-01-23,1971,1,23,239
1971-01-24,1971,1,24,244
1971-01-25,1971,1,25,222
1971-01-26,1971,1,26,244
1971-01-27,1971,1,27,233
1971-01-28,1971,1,28,228
1971-01-29,1971,1,29,206
1971-01-30,1971,1,30,233
1971-01-31,1971,1,31,239
1971-02-01,1971,2,1,233
1971-02-02,1971,2,2,233
1971-02-03,1971,2,3,250
1971-02-04,1971,2,4,228
1971-02-05,1971,2,5,228
1971-02-06,1971,2,6,222
1971-02-07,1971,2,7,239
1971-02-08,1971,2,8,239
1971-02-09,1971,2,9,233
1971-02-10,1971,2,10,233
1971-02-11,1971,2,11,233
1971-02-12,1971,2,12,228
1971-02-13,1971,2,13,233
1971-02-14,1971,2,14,239
1971-02-15,1971,2,15,239
1971-02-16,1971,2,16,261
1971-02-17,1971,2,17,233
1971-02-18,1971,2,18,217
1971-02-19,1971,2,19,256
1971-02-20,1971,2,20,244
1971-02-21,1971,2,21,233
1971-02-22,1971,2,22,239
1971-02-23,1971,2,23,250
1971-02-24,1971,2,24,244
1971-02-25,1971,2,25,228
1971-02-26,1971,2,26,228
1971-02-27,1971,2,27,228
1971-02-28,1971,2,28,217
1971-03-01,1971,3,1,222
1971-03-02,1971,3,2,217
1971-03-03,1971,3,3,217
1971-03-04,1971,3,4,217
1971-03-05,1971,3,5,200
1971-03-06,1971,3,6,217
1971-03-07,1971,3,7,233
1971-03-08,1971,3,8,217
1971-03-09,1971,3,9,206
1971-03-10,1971,3,10,244
1971-03-11,1971,3,11,233
1971-03-12,1971,3,12,233
1971-03-13,1971,3,13,228
1971-03-14,1971,3,14,233
1971-03-15,1971,3,15,239
1971-03-16,1971,3,16,222
1971-03-17,1971,3,17,228
1971-03-18,1971,3,18,233
1971-03-19,1971,3,19,228
1971-03-20,1971,3,20,222
1971-03-21,1971,3,21,228
1971-03-22,1971,3,22,233
1971-03-23,1971,3,23,222
1971-03-24,1971,3,24,228
1971-03-25,1971,3,25,228
1971-03-26,1971,3,26,222
1971-03-27,1971,3,27,222
1971-03-28,1971,3,28,222
1971-03-29,1971,3,29,228
1971-03-30,1971,3,30,228
1971-03-31,1971,3,31,222
1971-04-01,1971,4,1,200
1971-04-02,1971,4,2,228
1971-04-03,1971,4,3,222
1971-04-04,1971,4,4,211
1971-04-05,1971,4,5,239
1971-04-06,1971,4,6,244
1971-04-07,1971,4,7,233
1971-04-08,1971,4,8,217
1971-04-09,1971,4,9,228
1971-04-10,1971,4,10,222
1971-04-11,1971,4,11,222
1971-04-12,1971,4,12,222
1971-04-13,1971,4,13,217
1971-04-14,1971,4,14,217
1971-04-15,1971,4,15,222
1971-04-16,1971,4,16,222
1971-04-17,1971,4,17,217
1971-04-18,1971,4,18,222
1971-04-19,1971,4,19,239
1971-04-20,1971,4,20,222
1971-04-21,1971,4,21,211
1971-04-22,1971,4,22,222
1971-04-23,1971,4,23,228
1971-04-24,1971,4,24,222
1971-04-25,1971,4,25,222
1971-04-26,1971,4,26,233
1971-04-27,1971,4,27,228
1971-04-28,1971,4,28,239
1971-04-29,1971,4,29,233
1971-04-30,1971,4,30,233
1971-05-01,1971,5,1,228
1971-05-02,1971,5,2,217
1971-05-03,1971,5,3,228
1971-05-04,1971,5,4,222
1971-05-05,1971,5,5,228
1971-05-06,1971,5,6,211
1971-05-07,1971,5,7,189
1971-05-08,1971,5,8,217
1971-05-09,1971,5,9,217
1971-05-10,1971,5,10,222
1971-05-11,1971,5,11,233
1971-05-12,1971,5,12,217
1971-05-13,1971,5,13,217
1971-05-14,1971,5,14,222
1971-05-15,1971,5,15,228
1971-05-16,1971,5,16,222
1971-05-17,1971,5,17,256
1971-05-18,1971,5,18,239
1971-05-19,1971,5,19,217
1971-05-20,1971,5,20,222
1971-05-21,1971,5,21,222
1971-05-22,1971,5,22,228
1971-05-23,1971,5,23,228
1971-05-24,1971,5,24,233
1971-05-25,1971,5,25,222
1971-05-26,1971,5,26,217
1971-05-27,1971,5,27,206
1971-05-28,1971,5,28,222
1971-05-29,1971,5,29,261
1971-05-30,1971,5,30,250
1971-05-31,1971,5,31,244
1971-06-01,1971,6,1,228
1971-06-02,1971,6,2,233
1971-06-03,1971,6,3,194
1971-06-04,1971,6,4,206
1971-06-05,1971,6,5,217
1971-06-06,1971,6,6,211
1971-06-07,1971,6,7,200
1971-06-08,1971,6,8,222
1971-06-09,1971,6,9,211
1971-06-10,1971,6,10,211
1971-06-11,1971,6,11,217
1971-06-12,1971,6,12,217
1971-06-13,1971,6,13,217
1971-06-14,1971,6,14,217
1971-06-15,1971,6,15,244
1971-06-16,1971,6,16,233
1971-06-17,1971,6,17,244
1971-06-18,1971,6,18,244
1971-06-19,1971,6,19,244
1971-06-20,1971,6,20,233
1971-06-21,1971,6,21,211
1971-06-22,1971,6,22,217
1971-06-23,1971,6,23,233
1971-06-24,1971,6,24,211
1971-06-25,1971,6,25,239
1971-06-26,1971,6,26,222
1971-06-27,1971,6,27,222
1971-06-28,1971,6,28,206
1971-06-29,1971,6,29,217
1971-06-30,1971,6,30,244
1971-07-01,1971,7,1,239
1971-07-02,1971,7,2,222
1971-07-03,1971,7,3,217
1971-07-04,1971,7,4,222
1971-07-05,1971,7,5,244
1971-07-06,1971,7,6,211
1971-07-07,1971,7,7,233
1971-07-08,1971,7,8,233
1971-07-09,1971,7,9,222
1971-07-10,1971,7,10,206
1971-07-11,1971,7,11,194
1971-07-12,1971,7,12,194
1971-07-13,1971,7,13,222
1971-07-14,1971,7,14,217
1971-07-15,1971,7,15,222
1971-07-16,1971,7,16,200
1971-07-17,1971,7,17,211
1971-07-18,1971,7,18,189
1971-07-19,1971,7,19,211
1971-07-20,1971,7,20,228
1971-07-21,1971,7,21,194
1971-07-22,1971,7,22,183
1971-07-23,1971,7,23,189
1971-07-24,1971,7,24,200
1971-07-25,1971,7,25,206
1971-07-26,1971,7,26,189
1971-07-27,1971,7,27,228
1971-07-28,1971,7,28,211
1971-07-29,1971,7,29,239
1971-07-30,1971,7,30,222
1971-07-31,1971,7,31,233
1971-08-01,1971,8,1,228
1971-08-02,1971,8,2,239
1971-08-03,1971,8,3,239
1971-08-04,1971,8,4,233
1971-08-05,1971,8,5,233
1971-08-06,1971,8,6,217
1971-08-07,1971,8,7,217
1971-08-08,1971,8,8,211
1971-08-09,1971,8,9,211
1971-08-10,1971,8,10,200
1971-08-11,1971,8,11,211
1971-08-12,1971,8,12,200
1971-08-13,1971,8,13,217
1971-08-14,1971,8,14,244
1971-08-15,1971,8,15,244
1971-08-16,1971,8,16,239
1971-08-17,1971,8,17,211
1971-08-18,1971,8,18,189
1971-08-19,1971,8,19,228
1971-08-20,1971,8,20,194
1971-08-21,1971,8,21,244
1971-08-22,1971,8,22,256
1971-08-23,1971,8,23,206
1971-08-24,1971,8,24,194
1971-08-25,1971,8,25,233
1971-08-26,1971,8,26,233
1971-08-27,1971,8,27,233
1971-08-28,1971,8,28,228
1971-08-29,1971,8,29,200
1971-08-30,1971,8,30,206
1971-08-31,1971,8,31,206
1971-09-01,1971,9,1,211
1971-09-02,1971,9,2,206
1971-09-03,1971,9,3,194
1971-09-04,1971,9,4,183
1971-09-05,1971,9,5,239
1971-09-06,1971,9,6,239
1971-09-07,1971,9,7,228
1971-09-08,1971,9,8,222
1971-09-09,1971,9,9,206
1971-09-10,1971,9,10,183
1971-09-11,1971,9,11,178
1971-09-12,1971,9,12,172
1971-09-13,1971,9,13,161
1971-09-14,1971,9,14,244
1971-09-15,1971,9,15,222
1971-09-16,1971,9,16,172
1971-09-17,1971,9,17,239
1971-09-18,1971,9,18,239
1971-09-19,1971,9,19,228
1971-09-20,1971,9,20,211
1971-09-21,1971,9,21,217
1971-09-22,1971,9,22,206
1971-09-23,1971,9,23,194
1971-09-24,1971,9,24,200
1971-09-25,1971,9,25,222
1971-09-26,1971,9,26,194
1971-09-27,1971,9,27,206
1971-09-28,1971,9,28,183
1971-09-29,1971,9,29,189
1971-09-30,1971,9,30,211
1971-10-01,1971,10,1,156
1971-10-02,1971,10,2,217
1971-10-03,1971,10,3,206
1971-10-04,1971,10,4,233
1971-10-05,1971,10,5,228
1971-10-06,1971,10,6,233
1971-10-07,1971,10,7,239
1971-10-08,1971,10,8,244
1971-10-09,1971,10,9,206
1971-10-10,1971,10,10,233
1971-10-11,1971,10,11,189
1971-10-12,1971,10,12,211
1971-10-13,1971,10,13,228
1971-10-14,1971,10,14,239
1971-10-15,1971,10,15,217
1971-10-16,1971,10,16,222
1971-10-17,1971,10,17,211
1971-10-18,1971,10,18,206
1971-10-19,1971,10,19,228
1971-10-20,1971,10,20,211
1971-10-21,1971,10,21,222
1971-10-22,1971,10,22,206
1971-10-23,1971,10,23,222
1971-10-24,1971,10,24,250
1971-10-25,1971,10,25,250
1971-10-26,1971,10,26,239
1971-10-27,1971,10,27,239
1971-10-28,1971,10,28,250
1971-10-29,1971,10,29,239
1971-10-30,1971,10,30,228
1971-10-31,1971,10,31,217
1971-11-01,1971,11,1,222
1971-11-02,1971,11,2,228
1971-11-03,1971,11,3,217
1971-11-04,1971,11,4,217
1971-11-05,1971,11,5,211
1971-11-06,1971,11,6,222
1971-11-07,1971,11,7,217
1971-11-08,1971,11,8,228
1971-11-09,1971,11,9,244
1971-11-10,1971,11,10,233
1971-11-11,1971,11,11,228
1971-11-12,1971,11,12,233
1971-11-13,1971,11,13,228
1971-11-14,1971,11,14,222
1971-11-15,1971,11,15,217
1971-11-16,1971,11,16,217
1971-11-17,1971,11,17,233
1971-11-18,1971,11,18,228
1971-11-19,1971,11,19,222
1971-11-20,1971,11,20,206
1971-11-21,1971,11,21,211
1971-11-22,1971,11,22,228
1971-11-23,1971,11,23,228
1971-11-24,1971,11,24,222
1971-11-25,1971,11,25,222
1971-11-26,1971,11,26,233
1971-11-27,1971,11,27,233
1971-11-28,1971,11,28,228
1971-11-29,1971,11,29,222
1971-11-30,1971,11,30,217
1971-12-01,1971,12,1,222
1971-12-02,1971,12,2,239
1971-12-03,1971,12,3,228
1971-12-04,1971,12,4,233
1971-12-05,1971,12,5,222
1971-12-06,1971,12,6,217
1971-12-07,1971,12,7,211
1971-12-08,1971,12,8,228
1971-12-09,1971,12,9,222
1971-12-10,1971,12,10,239
1971-12-11,1971,12,11,239
1971-12-12,1971,12,12,244
1971-12-13,1971,12,13,233
1971-12-14,1971,12,14,222
1971-12-15,1971,12,15,222
1971-12-16,1971,12,16,228
1971-12-17,1971,12,17,206
1971-12-18,1971,12,18,233
1971-12-19,1971,12,19,239
1971-12-20,1971,12,20,222
1971-12-21,1971,12,21,233
1971-12-22,1971,12,22,233
1971-12-23,1971,12,23,244
1971-12-24,1971,12,24,228
1971-12-25,1971,12,25,228
1971-12-26,1971,12,26,228
1971-12-27,1971,12,27,228
1971-12-28,1971,12,28,222
1971-12-29,1971,12,29,233
1971-12-30,1971,12,30,244
1971-12-31,1971,12,31,244
1972-01-01,1972,1,1,228
1972-01-02,1972,1,2,217
1972-01-03,1972,1,3,217
1972-01-04,1972,1,4,228
1972-01-05,1972,1,5,228
1972-01-06,1972,1,6,211
1972-01-07,1972,1,7,222
1972-01-08,1972,1,8,233
1972-01-09,1972,1,9,228
1972-01-10,1972,1,10,222
1972-01-11,1972,1,11,228
1972-01-12,1972,1,12,222
1972-01-13,1972,1,13,217
1972-01-14,1972,1,14,217
1972-01-15,1972,1,15,228
1972-01-16,1972,1,16,228
1972-01-17,1972,1,17,211
1972-01-18,1972,1,18,222
1972-01-19,1972,1,19,211
1972-01-20,1972,1,20,222
1972-01-21,1972,1,21,239
1972-01-22,1972,1,22,222
1972-01-23,1972,1,23,222
1972-01-24,1972,1,24,228
1972-01-25,1972,1,25,233
1972-01-26,1972,1,26,228
1972-01-27,1972,1,27,222
1972-01-28,1972,1,28,206
1972-01-29,1972,1,29,267
1972-01-30,1972,1,30,233
1972-01-31,1972,1,31,222
1972-02-01,1972,2,1,228
1972-02-02,1972,2,2,233
1972-02-03,1972,2,3,222
1972-02-04,1972,2,4,222
1972-02-05,1972,2,5,228
1972-02-06,1972,2,6,222
1972-02-07,1972,2,7,222
1972-02-08,1972,2,8,228
1972-02-09,1972,2,9,239
1972-02-10,1972,2,10,228
1972-02-11,1972,2,11,250
1972-02-12,1972,2,12,228
1972-02-13,1972,2,13,222
1972-02-14,1972,2,14,222
1972-02-15,1972,2,15,222
1972-02-16,1972,2,16,217
1972-02-17,1972,2,17,222
1972-02-18,1972,2,18,233
1972-02-19,1972,2,19,222
1972-02-20,1972,2,20,217
1972-02-21,1972,2,21,228
1972-02-22,1972,2,22,217
1972-02-23,1972,2,23,222
1972-02-24,1972,2,24,217
1972-02-25,1972,2,25,211
1972-02-26,1972,2,26,217
1972-02-27,1972,2,27,222
1972-02-28,1972,2,28,222
1972-02-29,1972,2,29,217
1972-03-01,1972,3,1,222
1972-03-02,1972,3,2,222
1972-03-03,1972,3,3,222
1972-03-04,1972,3,4,211
1972-03-05,1972,3,5,222
1972-03-06,1972,3,6,217
1972-03-07,1972,3,7,222
1972-03-08,1972,3,8,217
1972-03-09,1972,3,9,228
1972-03-10,1972,3,10,182
1972-03-11,1972,3,11,233
1972-03-12,1972,3,12,217
1972-03-13,1972,3,13,233
1972-03-14,1972,3,14,239
1972-03-15,1972,3,15,228
1972-03-16,1972,3,16,222
1972-03-17,1972,3,17,217
1972-03-18,1972,3,18,222
1972-03-19,1972,3,19,222
1972-03-20,1972,3,20,222
1972-03-21,1972,3,21,222
1972-03-22,1972,3,22,222
1972-03-23,1972,3,23,228
1972-03-24,1972,3,24,222
1972-03-25,1972,3,25,233
1972-03-26,1972,3,26,222
1972-03-27,1972,3,27,222
1972-03-28,1972,3,28,239
1972-03-29,1972,3,29,244
1972-03-30,1972,3,30,239
1972-03-31,1972,3,31,233
1972-04-01,1972,4,1,217
1972-04-02,1972,4,2,217
1972-04-03,1972,4,3,222
1972-04-04,1972,4,4,222
1972-04-05,1972,4,5,233
1972-04-06,1972,4,6,233
1972-04-07,1972,4,7,228
1972-04-08,1972,4,8,228
1972-04-09,1972,4,9,239
1972-04-10,1972,4,10,228
1972-04-11,1972,4,11,233
1972-04-12,1972,4,12,222
1972-04-13,1972,4,13,233
1972-04-14,1972,4,14,239
1972-04-15,1972,4,15,211
1972-04-16,1972,4,16,217
1972-04-17,1972,4,17,228
1972-04-18,1972,4,18,244
1972-04-19,1972,4,19,222
1972-04-20,1972,4,20,228
1972-04-21,1972,4,21,228
1972-04-22,1972,4,22,222
1972-04-23,1972,4,23,233
1972-04-24,1972,4,24,233
1972-04-25,1972,4,25,239
1972-04-26,1972,4,26,228
1972-04-27,1972,4,27,228
1972-04-28,1972,4,28,222
1972-04-29,1972,4,29,228
1972-04-30,1972,4,30,233
1972-05-01,1972,5,1,233
1972-05-02,1972,5,2,217
1972-05-03,1972,5,3,222
1972-05-04,1972,5,4,217
1972-05-05,1972,5,5,268
1972-05-06,1972,5,6,217
1972-05-07,1972,5,7,217
1972-05-08,1972,5,8,239
1972-05-09,1972,5,9,217
1972-05-10,1972,5,10,222
1972-05-11,1972,5,11,222
1972-05-12,1972,5,12,217
1972-05-13,1972,5,13,211
1972-05-14,1972,5,14,228
1972-05-15,1972,5,15,217
1972-05-16,1972,5,16,211
1972-05-17,1972,5,17,211
1972-05-18,1972,5,18,222
1972-05-19,1972,5,19,222
1972-05-20,1972,5,20,222
1972-05-21,1972,5,21,233
1972-05-22,1972,5,22,194
1972-05-23,1972,5,23,222
1972-05-24,1972,5,24,222
1972-05-25,1972,5,25,228
1972-05-26,1972,5,26,244
1972-05-27,1972,5,27,250
1972-05-28,1972,5,28,244
1972-05-29,1972,5,29,217
1972-05-30,1972,5,30,217
1972-05-31,1972,5,31,217
1972-06-01,1972,6,1,228
1972-06-02,1972,6,2,233
1972-06-03,1972,6,3,217
1972-06-04,1972,6,4,206
1972-06-05,1972,6,5,211
1972-06-06,1972,6,6,250
1972-06-07,1972,6,7,228
1972-06-08,1972,6,8,217
1972-06-09,1972,6,9,217
1972-06-10,1972,6,10,211
1972-06-11,1972,6,11,211
1972-06-12,1972,6,12,211
1972-06-13,1972,6,13,228
1972-06-14,1972,6,14,211
1972-06-15,1972,6,15,228
1972-06-16,1972,6,16,222
1972-06-17,1972,6,17,222
1972-06-18,1972,6,18,239
1972-06-19,1972,6,19,239
1972-06-20,1972,6,20,211
1972-06-21,1972,6,21,222
1972-06-22,1972,6,22,228
1972-06-23,1972,6,23,228
1972-06-24,1972,6,24,233
1972-06-25,1972,6,25,211
1972-06-26,1972,6,26,239
1972-06-27,1972,6,27,233
1972-06-28,1972,6,28,239
1972-06-29,1972,6,29,200
1972-06-30,1972,6,30,217
1972-07-01,1972,7,1,222
1972-07-02,1972,7,2,200
1972-07-03,1972,7,3,211
1972-07-04,1972,7,4,211
1972-07-05,1972,7,5,194
1972-07-06,1972,7,6,228
1972-07-07,1972,7,7,233
1972-07-08,1972,7,8,222
1972-07-09,1972,7,9,211
1972-07-10,1972,7,10,206
1972-07-11,1972,7,11,222
1972-07-12,1972,7,12,194
1972-07-13,1972,7,13,222
1972-07-14,1972,7,14,211
1972-07-15,1972,7,15,217
1972-07-16,1972,7,16,222
1972-07-17,1972,7,17,217
1972-07-18,1972,7,18,200
1972-07-19,1972,7,19,200
1972-07-20,1972,7,20,228
1972-07-21,1972,7,21,217
1972-07-22,1972,7,22,200
1972-07-23,1972,7,23,194
1972-07-24,1972,7,24,217
1972-07-25,1972,7,25,206
1972-07-26,1972,7,26,206
1972-07-27,1972,7,27,211
1972-07-28,1972,7,28,217
1972-07-29,1972,7,29,228
1972-07-30,1972,7,30,194
1972-07-31,1972,7,31,222
1972-08-01,1972,8,1,211
1972-08-02,1972,8,2,200
1972-08-03,1972,8,3,200
1972-08-04,1972,8,4,206
1972-08-05,1972,8,5,217
1972-08-06,1972,8,6,211
1972-08-07,1972,8,7,222
1972-08-08,1972,8,8,222
1972-08-09,1972,8,9,228
1972-08-10,1972,8,10,167
1972-08-11,1972,8,11,217
1972-08-12,1972,8,12,211
1972-08-13,1972,8,13,200
1972-08-14,1972,8,14,247
1972-08-15,1972,8,15,217
1972-08-16,1972,8,16,233
1972-08-17,1972,8,17,233
1972-08-18,1972,8,18,228
1972-08-19,1972,8,19,256
1972-08-20,1972,8,20,200
1972-08-21,1972,8,21,206
1972-08-22,1972,8,22,228
1972-08-23,1972,8,23,228
1972-08-24,1972,8,24,244
1972-08-25,1972,8,25,228
1972-08-26,1972,8,26,233
1972-08-27,1972,8,27,211
1972-08-28,1972,8,28,267
1972-08-29,1972,8,29,233
1972-08-30,1972,8,30,206
1972-08-31,1972,8,31,233
1972-09-01,1972,9,1,222
1972-09-02,1972,9,2,233
1972-09-03,1972,9,3,239
1972-09-04,1972,9,4,239
1972-09-05,1972,9,5,211
1972-09-06,1972,9,6,222
1972-09-07,1972,9,7,222
1972-09-08,1972,9,8,206
1972-09-09,1972,9,9,228
1972-09-10,1972,9,10,233
1972-09-11,1972,9,11,239
1972-09-12,1972,9,12,228
1972-09-13,1972,9,13,239
1972-09-14,1972,9,14,244
1972-09-15,1972,9,15,228
1972-09-16,1972,9,16,228
1972-09-17,1972,9,17,231
1972-09-18,1972,9,18,222
1972-09-19,1972,9,19,222
1972-09-20,1972,9,20,228
1972-09-21,1972,9,21,228
1972-09-22,1972,9,22,211
1972-09-23,1972,9,23,217
1972-09-24,1972,9,24,233
1972-09-25,1972,9,25,239
1972-09-26,1972,9,26,244
1972-09-27,1972,9,27,228
1972-09-28,1972,9,28,217
1972-09-29,1972,9,29,228
1972-09-30,1972,9,30,233
1972-10-01,1972,10,1,233
1972-10-02,1972,10,2,222
1972-10-03,1972,10,3,233
1972-10-04,1972,10,4,222
1972-10-05,1972,10,5,239
1972-10-06,1972,10,6,256
1972-10-07,1972,10,7,222
1972-10-08,1972,10,8,239
1972-10-09,1972,10,9,244
1972-10-10,1972,10,10,250
1972-10-11,1972,10,11,228
1972-10-12,1972,10,12,244
1972-10-13,1972,10,13,211
1972-10-14,1972,10,14,239
1972-10-15,1972,10,15,239
1972-10-16,1972,10,16,233
1972-10-17,1972,10,17,239
1972-10-18,1972,10,18,244
1972-10-19,1972,10,19,244
1972-10-20,1972,10,20,217
1972-10-21,1972,10,21,250
1972-10-22,1972,10,22,244
1972-10-23,1972,10,23,250
1972-10-24,1972,10,24,233
1972-10-25,1972,10,25,228
1972-10-26,1972,10,26,228
1972-10-27,1972,10,27,233
1972-10-28,1972,10,28,222
1972-10-29,1972,10,29,239
1972-10-30,1972,10,30,239
1972-10-31,1972,10,31,239
1972-11-01,1972,11,1,222
1972-11-02,1972,11,2,233
1972-11-03,1972,11,3,233
1972-11-04,1972,11,4,233
1972-11-05,1972,11,5,233
1972-11-06,1972,11,6,233
1972-11-07,1972,11,7,233
1972-11-08,1972,11,8,239
1972-11-09,1972,11,9,233
1972-11-10,1972,11,10,239
1972-11-11,1972,11,11,228
1972-11-12,1972,11,12,239
1972-11-13,1972,11,13,233
1972-11-14,1972,11,14,239
1972-11-15,1972,11,15,244
1972-11-16,1972,11,16,239
1972-11-17,1972,11,17,239
1972-11-18,1972,11,18,228
1972-11-19,1972,11,19,244
1972-11-20,1972,11,20,244
1972-11-21,1972,11,21,217
1972-11-22,1972,11,22,244
1972-11-23,1972,11,23,256
1972-11-24,1972,11,24,233
1972-11-25,1972,11,25,217
1972-11-26,1972,11,26,217
1972-11-27,1972,11,27,233
1972-11-28,1972,11,28,233
1972-11-29,1972,11,29,267
1972-11-30,1972,11,30,233
1972-12-01,1972,12,1,229
1972-12-02,1972,12,2,239
1972-12-03,1972,12,3,244
1972-12-04,1972,12,4,244
1972-12-05,1972,12,5,256
1972-12-06,1972,12,6,239
1972-12-07,1972,12,7,244
1972-12-08,1972,12,8,239
1972-12-09,1972,12,9,222
1972-12-10,1972,12,10,244
1972-12-11,1972,12,11,239
1972-12-12,1972,12,12,233
1972-12-13,1972,12,13,239
1972-12-14,1972,12,14,233
1972-12-15,1972,12,15,239
1972-12-16,1972,12,16,239
1972-12-17,1972,12,17,250
1972-12-18,1972,12,18,244
1972-12-19,1972,12,19,244
1972-12-20,1972,12,20,228
1972-12-21,1972,12,21,250
1972-12-22,1972,12,22,239
1972-12-23,1972,12,23,239
1972-12-24,1972,12,24,239
1972-12-25,1972,12,25,244
1972-12-26,1972,12,26,250
1972-12-27,1972,12,27,228
1972-12-28,1972,12,28,222
1972-12-29,1972,12,29,228
1972-12-30,1972,12,30,233
1972-12-31,1972,12,31,233
1973-01-01,1973,1,1,239
1973-01-02,1973,1,2,250
1973-01-03,1973,1,3,261
1973-01-04,1973,1,4,244
1973-01-05,1973,1,5,217
1973-01-06,1973,1,6,211
1973-01-07,1973,1,7,233
1973-01-08,1973,1,8,239
1973-01-09,1973,1,9,239
1973-01-10,1973,1,10,261
1973-01-11,1973,1,11,250
1973-01-12,1973,1,12,222
1973-01-13,1973,1,13,239
1973-01-14,1973,1,14,233
1973-01-15,1973,1,15,268
1973-01-16,1973,1,16,233
1973-01-17,1973,1,17,239
1973-01-18,1973,1,18,233
1973-01-19,1973,1,19,228
1973-01-20,1973,1,20,188
1973-01-21,1973,1,21,228
1973-01-22,1973,1,22,233
1973-01-23,1973,1,23,228
1973-01-24,1973,1,24,228
1973-01-25,1973,1,25,233
1973-01-26,1973,1,26,222
1973-01-27,1973,1,27,233
1973-01-28,1973,1,28,239
1973-01-29,1973,1,29,222
1973-01-30,1973,1,30,233
1973-01-31,1973,1,31,256
1973-02-01,1973,2,1,244
1973-02-02,1973,2,2,244
1973-02-03,1973,2,3,244
1973-02-04,1973,2,4,244
1973-02-05,1973,2,5,239
1973-02-06,1973,2,6,233
1973-02-07,1973,2,7,239
1973-02-08,1973,2,8,250
1973-02-09,1973,2,9,239
1973-02-10,1973,2,10,244
1973-02-11,1973,2,11,233
1973-02-12,1973,2,12,228
1973-02-13,1973,2,13,239
1973-02-14,1973,2,14,244
1973-02-15,1973,2,15,239
1973-02-16,1973,2,16,233
1973-02-17,1973,2,17,239
1973-02-18,1973,2,18,250
1973-02-19,1973,2,19,250
1973-02-20,1973,2,20,261
1973-02-21,1973,2,21,261
1973-02-22,1973,2,22,261
1973-02-23,1973,2,23,256
1973-02-24,1973,2,24,267
1973-02-25,1973,2,25,233
1973-02-26,1973,2,26,259
1973-02-27,1973,2,27,233
1973-02-28,1973,2,28,233
1973-03-01,1973,3,1,233
1973-03-02,1973,3,2,239
1973-03-03,1973,3,3,239
1973-03-04,1973,3,4,233
1973-03-05,1973,3,5,228
1973-03-06,1973,3,6,239
1973-03-07,1973,3,7,244
1973-03-08,1973,3,8,239
1973-03-09,1973,3,9,244
1973-03-10,1973,3,10,222
1973-03-11,1973,3,11,233
1973-03-12,1973,3,12,261
1973-03-13,1973,3,13,242
1973-03-14,1973,3,14,233
1973-03-15,1973,3,15,239
1973-03-16,1973,3,16,233
1973-03-17,1973,3,17,233
1973-03-18,1973,3,18,233
1973-03-19,1973,3,19,244
1973-03-20,1973,3,20,239
1973-03-21,1973,3,21,239
1973-03-22,1973,3,22,233
1973-03-23,1973,3,23,239
1973-03-24,1973,3,24,250
1973-03-25,1973,3,25,244
1973-03-26,1973,3,26,233
1973-03-27,1973,3,27,239
1973-03-28,1973,3,28,244
1973-03-29,1973,3,29,239
1973-03-30,1973,3,30,233
1973-03-31,1973,3,31,239
1973-04-01,1973,4,1,250
1973-04-02,1973,4,2,239
1973-04-03,1973,4,3,239
1973-04-04,1973,4,4,228
1973-04-05,1973,4,5,233
1973-04-06,1973,4,6,244
1973-04-07,1973,4,7,239
1973-04-08,1973,4,8,244
1973-04-09,1973,4,9,233
1973-04-10,1973,4,10,233
1973-04-11,1973,4,11,233
1973-04-12,1973,4,12,228
1973-04-13,1973,4,13,233
1973-04-14,1973,4,14,233
1973-04-15,1973,4,15,239
1973-04-16,1973,4,16,244
1973-04-17,1973,4,17,267
1973-04-18,1973,4,18,244
1973-04-19,1973,4,19,239
1973-04-20,1973,4,20,228
1973-04-21,1973,4,21,239
1973-04-22,1973,4,22,281
1973-04-23,1973,4,23,231
1973-04-24,1973,4,24,228
1973-04-25,1973,4,25,228
1973-04-26,1973,4,26,244
1973-04-27,1973,4,27,228
1973-04-28,1973,4,28,233
1973-04-29,1973,4,29,239
1973-04-30,1973,4,30,239
1973-05-01,1973,5,1,228
1973-05-02,1973,5,2,222
1973-05-03,1973,5,3,233
1973-05-04,1973,5,4,233
1973-05-05,1973,5,5,272
1973-05-06,1973,5,6,239
1973-05-07,1973,5,7,228
1973-05-08,1973,5,8,208
1973-05-09,1973,5,9,278
1973-05-10,1973,5,10,218
1973-05-11,1973,5,11,228
1973-05-12,1973,5,12,258
1973-05-13,1973,5,13,278
1973-05-14,1973,5,14,228
1973-05-15,1973,5,15,228
1973-05-16,1973,5,16,258
1973-05-17,1973,5,17,228
1973-05-18,1973,5,18,211
1973-05-19,1973,5,19,228
1973-05-20,1973,5,20,222
1973-05-21,1973,5,21,228
1973-05-22,1973,5,22,244
1973-05-23,1973,5,23,233
1973-05-24,1973,5,24,233
1973-05-25,1973,5,25,233
1973-05-26,1973,5,26,233
1973-05-27,1973,5,27,233
1973-05-28,1973,5,28,222
1973-05-29,1973,5,29,228
1973-05-30,1973,5,30,248
1973-05-31,1973,5,31,248
1973-06-01,1973,6,1,244
1973-06-02,1973,6,2,267
1973-06-03,1973,6,3,250
1973-06-04,1973,6,4,250
1973-06-05,1973,6,5,228
1973-06-06,1973,6,6,239
1973-06-07,1973,6,7,244
1973-06-08,1973,6,8,256
1973-06-09,1973,6,9,256
1973-06-10,1973,6,10,217
1973-06-11,1973,6,11,200
1973-06-12,1973,6,12,233
1973-06-13,1973,6,13,239
1973-06-14,1973,6,14,261
1973-06-15,1973,6,15,217
1973-06-16,1973,6,16,228
1973-06-17,1973,6,17,222
1973-06-18,1973,6,18,217
1973-06-19,1973,6,19,217
1973-06-20,1973,6,20,217
1973-06-21,1973,6,21,228
1973-06-22,1973,6,22,222
1973-06-23,1973,6,23,222
1973-06-24,1973,6,24,228
1973-06-25,1973,6,25,222
1973-06-26,1973,6,26,217
1973-06-27,1973,6,27,222
1973-06-28,1973,6,28,233
1973-06-29,1973,6,29,228
1973-06-30,1973,6,30,244
1973-07-01,1973,7,1,228
1973-07-02,1973,7,2,239
1973-07-03,1973,7,3,244
1973-07-04,1973,7,4,239
1973-07-05,1973,7,5,228
1973-07-06,1973,7,6,222
1973-07-07,1973,7,7,217
1973-07-08,1973,7,8,222
1973-07-09,1973,7,9,217
1973-07-10,1973,7,10,228
1973-07-11,1973,7,11,211
1973-07-12,1973,7,12,222
1973-07-13,1973,7,13,244
1973-07-14,1973,7,14,261
1973-07-15,1973,7,15,222
1973-07-16,1973,7,16,217
1973-07-17,1973,7,17,233
1973-07-18,1973,7,18,233
1973-07-19,1973,7,19,211
1973-07-20,1973,7,20,211
1973-07-21,1973,7,21,222
1973-07-22,1973,7,22,217
1973-07-23,1973,7,23,222
1973-07-24,1973,7,24,222
1973-07-25,1973,7,25,233
1973-07-26,1973,7,26,239
1973-07-27,1973,7,27,228
1973-07-28,1973,7,28,250
1973-07-29,1973,7,29,217
1973-07-30,1973,7,30,267
1973-07-31,1973,7,31,233
1973-08-01,1973,8,1,244
1973-08-02,1973,8,2,250
1973-08-03,1973,8,3,250
1973-08-04,1973,8,4,217
1973-08-05,1973,8,5,211
1973-08-06,1973,8,6,233
1973-08-07,1973,8,7,211
1973-08-08,1973,8,8,217
1973-08-09,1973,8,9,211
1973-08-10,1973,8,10,222
1973-08-11,1973,8,11,239
1973-08-12,1973,8,12,233
1973-08-13,1973,8,13,250
1973-08-14,1973,8,14,239
1973-08-15,1973,8,15,256
1973-08-16,1973,8,16,228
1973-08-17,1973,8,17,222
1973-08-18,1973,8,18,228
1973-08-19,1973,8,19,244
1973-08-20,1973,8,20,267
1973-08-21,1973,8,21,267
1973-08-22,1973,8,22,261
1973-08-23,1973,8,23,272
1973-08-24,1973,8,24,261
1973-08-25,1973,8,25,261
1973-08-26,1973,8,26,261
1973-08-27,1973,8,27,256
1973-08-28,1973,8,28,239
1973-08-29,1973,8,29,239
1973-08-30,1973,8,30,244
1973-08-31,1973,8,31,261
1973-09-01,1973,9,1,261
1973-09-02,1973,9,2,239
1973-09-03,1973,9,3,217
1973-09-04,1973,9,4,222
1973-09-05,1973,9,5,222
1973-09-06,1973,9,6,228
1973-09-07,1973,9,7,233
1973-09-08,1973,9,8,217
1973-09-09,1973,9,9,217
1973-09-10,1973,9,10,233
1973-09-11,1973,9,11,228
1973-09-12,1973,9,12,228
1973-09-13,1973,9,13,228
1973-09-14,1973,9,14,211
1973-09-15,1973,9,15,211
1973-09-16,1973,9,16,211
1973-09-17,1973,9,17,222
1973-09-18,1973,9,18,228
1973-09-19,1973,9,19,228
1973-09-20,1973,9,20,222
1973-09-21,1973,9,21,222
1973-09-22,1973,9,22,228
1973-09-23,1973,9,23,233
1973-09-24,1973,9,24,217
1973-09-25,1973,9,25,217
1973-09-26,1973,9,26,217
1973-09-27,1973,9,27,222
1973-09-28,1973,9,28,222
1973-09-29,1973,9,29,217
1973-09-30,1973,9,30,256
1973-10-01,1973,10,1,222
1973-10-02,1973,10,2,217
1973-10-03,1973,10,3,211
1973-10-04,1973,10,4,244
1973-10-05,1973,10,5,239
1973-10-06,1973,10,6,222
1973-10-07,1973,10,7,228
1973-10-08,1973,10,8,233
1973-10-09,1973,10,9,228
1973-10-10,1973,10,10,206
1973-10-11,1973,10,11,222
1973-10-12,1973,10,12,233
1973-10-13,1973,10,13,222
1973-10-14,1973,10,14,211
1973-10-15,1973,10,15,194
1973-10-16,1973,10,16,200
1973-10-17,1973,10,17,217
1973-10-18,1973,10,18,211
1973-10-19,1973,10,19,217
1973-10-20,1973,10,20,211
1973-10-21,1973,10,21,233
1973-10-22,1973,10,22,217
1973-10-23,1973,10,23,206
1973-10-24,1973,10,24,211
1973-10-25,1973,10,25,217
1973-10-26,1973,10,26,233
1973-10-27,1973,10,27,239
1973-10-28,1973,10,28,233
1973-10-29,1973,10,29,233
1973-10-30,1973,10,30,233
1973-10-31,1973,10,31,233
1973-11-01,1973,11,1,217
1973-11-02,1973,11,2,222
1973-11-03,1973,11,3,217
1973-11-04,1973,11,4,222
1973-11-05,1973,11,5,211
1973-11-06,1973,11,6,233
1973-11-07,1973,11,7,244
1973-11-08,1973,11,8,228
1973-11-09,1973,11,9,228
1973-11-10,1973,11,10,222
1973-11-11,1973,11,11,222
1973-11-12,1973,11,12,233
1973-11-13,1973,11,13,244
1973-11-14,1973,11,14,239
1973-11-15,1973,11,15,222
1973-11-16,1973,11,16,228
1973-11-17,1973,11,17,250
1973-11-18,1973,11,18,239
1973-11-19,1973,11,19,233
1973-11-20,1973,11,20,222
1973-11-21,1973,11,21,222
1973-11-22,1973,11,22,217
1973-11-23,1973,11,23,233
1973-11-24,1973,11,24,239
1973-11-25,1973,11,25,228
1973-11-26,1973,11,26,239
1973-11-27,1973,11,27,222
1973-11-28,1973,11,28,217
1973-11-29,1973,11,29,228
1973-11-30,1973,11,30,233
1973-12-01,1973,12,1,209
1973-12-02,1973,12,2,199
1973-12-03,1973,12,3,219
1973-12-04,1973,12,4,239
1973-12-05,1973,12,5,209
1973-12-06,1973,12,6,219
1973-12-07,1973,12,7,289
1973-12-08,1973,12,8,229
1973-12-09,1973,12,9,249
1973-12-10,1973,12,10,239
1973-12-11,1973,12,11,219
1973-12-12,1973,12,12,209
1973-12-13,1973,12,13,289
1973-12-14,1973,12,14,239
1973-12-15,1973,12,15,229
1973-12-16,1973,12,16,219
1973-12-17,1973,12,17,299
1973-12-18,1973,12,18,269
1973-12-19,1973,12,19,299
1973-12-20,1973,12,20,259
1973-12-21,1973,12,21,209
1973-12-22,1973,12,22,259
1973-12-23,1973,12,23,259
1973-12-24,1973,12,24,279
1973-12-25,1973,12,25,229
1973-12-26,1973,12,26,209
1973-12-27,1973,12,27,259
1973-12-28,1973,12,28,219
1973-12-29,1973,12,29,199
1973-12-30,1973,12,30,269
1973-12-31,1973,12,31,269
1974-01-01,1974,1,1,238
1974-01-02,1974,1,2,228
1974-01-03,1974,1,3,238
1974-01-04,1974,1,4,178
1974-01-05,1974,1,5,208
1974-01-06,1974,1,6,238
1974-01-07,1974,1,7,268
1974-01-08,1974,1,8,238
1974-01-09,1974,1,9,248
1974-01-10,1974,1,10,238
1974-01-11,1974,1,11,278
1974-01-12,1974,1,12,228
1974-01-13,1974,1,13,218
1974-01-14,1974,1,14,218
1974-01-15,1974,1,15,208
1974-01-16,1974,1,16,228
1974-01-17,1974,1,17,188
1974-01-18,1974,1,18,218
1974-01-19,1974,1,19,238
1974-01-20,1974,1,20,238
1974-01-21,1974,1,21,278
1974-01-22,1974,1,22,228
1974-01-23,1974,1,23,228
1974-01-24,1974,1,24,218
1974-01-25,1974,1,25,208
1974-01-26,1974,1,26,228
1974-01-27,1974,1,27,278
1974-01-28,1974,1,28,228
1974-01-29,1974,1,29,228
1974-01-30,1974,1,30,228
1974-01-31,1974,1,31,238
1974-02-01,1974,2,1,259
1974-02-02,1974,2,2,219
1974-02-03,1974,2,3,289
1974-02-04,1974,2,4,229
1974-02-05,1974,2,5,219
1974-02-06,1974,2,6,239
1974-02-07,1974,2,7,229
1974-02-08,1974,2,8,239
1974-02-09,1974,2,9,199
1974-02-10,1974,2,10,209
1974-02-11,1974,2,11,209
1974-02-12,1974,2,12,289
1974-02-13,1974,2,13,229
1974-02-14,1974,2,14,259
1974-02-15,1974,2,15,229
1974-02-16,1974,2,16,199
1974-02-17,1974,2,17,199
1974-02-18,1974,2,18,229
1974-02-19,1974,2,19,289
1974-02-20,1974,2,20,309
1974-02-21,1974,2,21,219
1974-02-22,1974,2,22,239
1974-02-23,1974,2,23,289
1974-02-24,1974,2,24,199
1974-02-25,1974,2,25,209
1974-02-26,1974,2,26,219
1974-02-27,1974,2,27,199
1974-02-28,1974,2,28,279
1974-03-01,1974,3,1,283
1974-03-02,1974,3,2,267
1974-03-03,1974,3,3,267
1974-03-04,1974,3,4,300
1974-03-05,1974,3,5,311
1974-03-06,1974,3,6,250
1974-03-07,1974,3,7,250
1974-03-08,1974,3,8,267
1974-03-09,1974,3,9,250
1974-03-10,1974,3,10,250
1974-03-11,1974,3,11,267
1974-03-12,1974,3,12,300
1974-03-13,1974,3,13,289
1974-03-14,1974,3,14,294
1974-03-15,1974,3,15,306
1974-03-16,1974,3,16,261
1974-03-17,1974,3,17,256
1974-03-18,1974,3,18,267
1974-03-19,1974,3,19,267
1974-03-20,1974,3,20,283
1974-03-21,1974,3,21,311
1974-03-22,1974,3,22,300
1974-03-23,1974,3,23,289
1974-03-24,1974,3,24,267
1974-03-25,1974,3,25,267
1974-03-26,1974,3,26,239
1974-03-27,1974,3,27,244
1974-03-28,1974,3,28,244
1974-03-29,1974,3,29,272
1974-03-30,1974,3,30,250
1974-03-31,1974,3,31,250
1974-04-01,1974,4,1,300
1974-04-02,1974,4,2,294
1974-04-03,1974,4,3,306
1974-04-04,1974,4,4,272
1974-04-05,1974,4,5,272
1974-04-06,1974,4,6,272
1974-04-07,1974,4,7,283
1974-04-08,1974,4,8,256
1974-04-09,1974,4,9,250
1974-04-10,1974,4,10,239
1974-04-11,1974,4,11,289
1974-04-12,1974,4,12,289
1974-04-13,1974,4,13,289
1974-04-14,1974,4,14,278
1974-04-15,1974,4,15,278
1974-04-16,1974,4,16,283
1974-04-17,1974,4,17,289
1974-04-18,1974,4,18,289
1974-04-19,1974,4,19,211
1974-04-20,1974,4,20,233
1974-04-21,1974,4,21,261
1974-04-22,1974,4,22,256
1974-04-23,1974,4,23,283
1974-04-24,1974,4,24,267
1974-04-25,1974,4,25,267
1974-04-26,1974,4,26,267
1974-04-27,1974,4,27,272
1974-04-28,1974,4,28,272
1974-04-29,1974,4,29,261
1974-04-30,1974,4,30,261
1974-05-01,1974,5,1,261
1974-05-02,1974,5,2,272
1974-05-03,1974,5,3,289
1974-05-04,1974,5,4,256
1974-05-05,1974,5,5,278
1974-05-06,1974,5,6,272
1974-05-07,1974,5,7,267
1974-05-08,1974,5,8,283
1974-05-09,1974,5,9,294
1974-05-10,1974,5,10,261
1974-05-11,1974,5,11,250
1974-05-12,1974,5,12,278
1974-05-13,1974,5,13,239
1974-05-14,1974,5,14,289
1974-05-15,1974,5,15,289
1974-05-16,1974,5,16,300
1974-05-17,1974,5,17,272
1974-05-18,1974,5,18,300
1974-05-19,1974,5,19,294
1974-05-20,1974,5,20,261
1974-05-21,1974,5,21,267
1974-05-22,1974,5,22,272
1974-05-23,1974,5,23,267
1974-05-24,1974,5,24,289
1974-05-25,1974,5,25,244
1974-05-26,1974,5,26,267
1974-05-27,1974,5,27,261
1974-05-28,1974,5,28,244
1974-05-29,1974,5,29,267
1974-05-30,1974,5,30,272
1974-05-31,1974,5,31,267
1974-06-01,1974,6,1,250
1974-06-02,1974,6,2,244
1974-06-03,1974,6,3,217
1974-06-04,1974,6,4,239
1974-06-05,1974,6,5,217
1974-06-06,1974,6,6,206
1974-06-07,1974,6,7,250
1974-06-08,1974,6,8,228
1974-06-09,1974,6,9,272
1974-06-10,1974,6,10,256
1974-06-11,1974,6,11,233
1974-06-12,1974,6,12,222
1974-06-13,1974,6,13,267
1974-06-14,1974,6,14,244
1974-06-15,1974,6,15,283
1974-06-16,1974,6,16,228
1974-06-17,1974,6,17,250
1974-06-18,1974,6,18,233
1974-06-19,1974,6,19,228
1974-06-20,1974,6,20,256
1974-06-21,1974,6,21,250
1974-06-22,1974,6,22,239
1974-06-23,1974,6,23,228
1974-06-24,1974,6,24,206
1974-06-25,1974,6,25,239
1974-06-26,1974,6,26,233
1974-06-27,1974,6,27,267
1974-06-28,1974,6,28,217
1974-06-29,1974,6,29,250
1974-06-30,1974,6,30,256
1974-07-01,1974,7,1,200
1974-07-02,1974,7,2,222
1974-07-03,1974,7,3,239
1974-07-04,1974,7,4,222
1974-07-05,1974,7,5,222
1974-07-06,1974,7,6,200
1974-07-07,1974,7,7,217
1974-07-08,1974,7,8,256
1974-07-09,1974,7,9,200
1974-07-10,1974,7,10,222
1974-07-11,1974,7,11,228
1974-07-12,1974,7,12,222
1974-07-13,1974,7,13,222
1974-07-14,1974,7,14,217
1974-07-15,1974,7,15,256
1974-07-16,1974,7,16,222
1974-07-17,1974,7,17,228
1974-07-18,1974,7,18,233
1974-07-19,1974,7,19,250
1974-07-20,1974,7,20,272
1974-07-21,1974,7,21,244
1974-07-22,1974,7,22,183
1974-07-23,1974,7,23,217
1974-07-24,1974,7,24,233
1974-07-25,1974,7,25,206
1974-07-26,1974,7,26,189
1974-07-27,1974,7,27,228
1974-07-28,1974,7,28,222
1974-07-29,1974,7,29,239
1974-07-30,1974,7,30,239
1974-07-31,1974,7,31,261
1974-08-01,1974,8,1,237
1974-08-02,1974,8,2,237
1974-08-03,1974,8,3,227
1974-08-04,1974,8,4,227
1974-08-05,1974,8,5,267
1974-08-06,1974,8,6,227
1974-08-07,1974,8,7,187
1974-08-08,1974,8,8,227
1974-08-09,1974,8,9,187
1974-08-10,1974,8,10,257
1974-08-11,1974,8,11,217
1974-08-12,1974,8,12,197
1974-08-13,1974,8,13,187
1974-08-14,1974,8,14,187
1974-08-15,1974,8,15,207
1974-08-16,1974,8,16,217
1974-08-17,1974,8,17,237
1974-08-18,1974,8,18,247
1974-08-19,1974,8,19,237
1974-08-20,1974,8,20,217
1974-08-21,1974,8,21,177
1974-08-22,1974,8,22,247
1974-08-23,1974,8,23,247
1974-08-24,1974,8,24,187
1974-08-25,1974,8,25,227
1974-08-26,1974,8,26,247
1974-08-27,1974,8,27,247
1974-08-28,1974,8,28,247
1974-08-29,1974,8,29,267
1974-08-30,1974,8,30,237
1974-08-31,1974,8,31,227
1974-09-01,1974,9,1,221
1974-09-02,1974,9,2,261
1974-09-03,1974,9,3,261
1974-09-04,1974,9,4,281
1974-09-05,1974,9,5,221
1974-09-06,1974,9,6,241
1974-09-07,1974,9,7,231
1974-09-08,1974,9,8,261
1974-09-09,1974,9,9,221
1974-09-10,1974,9,10,221
1974-09-11,1974,9,11,241
1974-09-12,1974,9,12,251
1974-09-13,1974,9,13,221
1974-09-14,1974,9,14,191
1974-09-15,1974,9,15,211
1974-09-16,1974,9,16,261
1974-09-17,1974,9,17,221
1974-09-18,1974,9,18,221
1974-09-19,1974,9,19,211
1974-09-20,1974,9,20,241
1974-09-21,1974,9,21,241
1974-09-22,1974,9,22,281
1974-09-23,1974,9,23,261
1974-09-24,1974,9,24,221
1974-09-25,1974,9,25,221
1974-09-26,1974,9,26,221
1974-09-27,1974,9,27,251
1974-09-28,1974,9,28,261
1974-09-29,1974,9,29,281
1974-09-30,1974,9,30,221
1974-10-01,1974,10,1,216
1974-10-02,1974,10,2,226
1974-10-03,1974,10,3,236
1974-10-04,1974,10,4,216
1974-10-05,1974,10,5,216
1974-10-06,1974,10,6,206
1974-10-07,1974,10,7,236
1974-10-08,1974,10,8,226
1974-10-09,1974,10,9,236
1974-10-10,1974,10,10,226
1974-10-11,1974,10,11,226
1974-10-12,1974,10,12,236
1974-10-13,1974,10,13,276
1974-10-14,1974,10,14,236
1974-10-15,1974,10,15,206
1974-10-16,1974,10,16,216
1974-10-17,1974,10,17,206
1974-10-18,1974,10,18,206
1974-10-19,1974,10,19,206
1974-10-20,1974,10,20,286
1974-10-21,1974,10,21,276
1974-10-22,1974,10,22,216
1974-10-23,1974,10,23,206
1974-10-24,1974,10,24,256
1974-10-25,1974,10,25,226
1974-10-26,1974,10,26,206
1974-10-27,1974,10,27,206
1974-10-28,1974,10,28,246
1974-10-29,1974,10,29,266
1974-10-30,1974,10,30,216
1974-10-31,1974,10,31,236
1974-11-01,1974,11,1,222
1974-11-02,1974,11,2,242
1974-11-03,1974,11,3,272
1974-11-04,1974,11,4,122
1974-11-05,1974,11,5,192
1974-11-06,1974,11,6,232
1974-11-07,1974,11,7,202
1974-11-08,1974,11,8,242
1974-11-09,1974,11,9,272
1974-11-10,1974,11,10,232
1974-11-11,1974,11,11,232
1974-11-12,1974,11,12,222
1974-11-13,1974,11,13,242
1974-11-14,1974,11,14,232
1974-11-15,1974,11,15,222
1974-11-16,1974,11,16,232
1974-11-17,1974,11,17,242
1974-11-18,1974,11,18,172
1974-11-19,1974,11,19,222
1974-11-20,1974,11,20,222
1974-11-21,1974,11,21,212
1974-11-22,1974,11,22,252
1974-11-23,1974,11,23,192
1974-11-24,1974,11,24,242
1974-11-25,1974,11,25,132
1974-11-26,1974,11,26,232
1974-11-27,1974,11,27,222
1974-11-28,1974,11,28,252
1974-11-29,1974,11,29,232
1974-11-30,1974,11,30,212
1974-12-01,1974,12,1,219
1974-12-02,1974,12,2,219
1974-12-03,1974,12,3,229
1974-12-04,1974,12,4,249
1974-12-05,1974,12,5,239
1974-12-06,1974,12,6,209
1974-12-07,1974,12,7,229
1974-12-08,1974,12,8,229
1974-12-09,1974,12,9,239
1974-12-10,1974,12,10,229
1974-12-11,1974,12,11,239
1974-12-12,1974,12,12,209
1974-12-13,1974,12,13,249
1974-12-14,1974,12,14,219
1974-12-15,1974,12,15,249
1974-12-16,1974,12,16,229
1974-12-17,1974,12,17,239
1974-12-18,1974,12,18,239
1974-12-19,1974,12,19,239
1974-12-20,1974,12,20,249
1974-12-21,1974,12,21,229
1974-12-22,1974,12,22,229
1974-12-23,1974,12,23,269
1974-12-24,1974,12,24,219
1974-12-25,1974,12,25,249
1974-12-26,1974,12,26,279
1974-12-27,1974,12,27,239
1974-12-28,1974,12,28,259
1974-12-29,1974,12,29,229
1974-12-30,1974,12,30,209
1974-12-31,1974,12,31,299
1975-01-01,1975,1,1,228
1975-01-02,1975,1,2,218
1975-01-03,1975,1,3,198
1975-01-04,1975,1,4,238
1975-01-05,1975,1,5,208
1975-01-06,1975,1,6,198
1975-01-07,1975,1,7,208
1975-01-08,1975,1,8,228
1975-01-09,1975,1,9,238
1975-01-10,1975,1,10,208
1975-01-11,1975,1,11,228
1975-01-12,1975,1,12,208
1975-01-13,1975,1,13,278
1975-01-14,1975,1,14,208
1975-01-15,1975,1,15,238
1975-01-16,1975,1,16,228
1975-01-17,1975,1,17,238
1975-01-18,1975,1,18,238
1975-01-19,1975,1,19,218
1975-01-20,1975,1,20,238
1975-01-21,1975,1,21,238
1975-01-22,1975,1,22,248
1975-01-23,1975,1,23,228
1975-01-24,1975,1,24,238
1975-01-25,1975,1,25,248
1975-01-26,1975,1,26,228
1975-01-27,1975,1,27,228
1975-01-28,1975,1,28,228
1975-01-29,1975,1,29,278
1975-01-30,1975,1,30,238
1975-01-31,1975,1,31,218
1975-02-01,1975,2,1,219
1975-02-02,1975,2,2,259
1975-02-03,1975,2,3,269
1975-02-04,1975,2,4,209
1975-02-05,1975,2,5,239
1975-02-06,1975,2,6,239
1975-02-07,1975,2,7,289
1975-02-08,1975,2,8,219
1975-02-09,1975,2,9,239
1975-02-10,1975,2,10,239
1975-02-11,1975,2,11,239
1975-02-12,1975,2,12,199
1975-02-13,1975,2,13,209
1975-02-14,1975,2,14,239
1975-02-15,1975,2,15,239
1975-02-16,1975,2,16,209
1975-02-17,1975,2,17,249
1975-02-18,1975,2,18,279
1975-02-19,1975,2,19,229
1975-02-20,1975,2,20,249
1975-02-21,1975,2,21,199
1975-02-22,1975,2,22,219
1975-02-23,1975,2,23,249
1975-02-24,1975,2,24,219
1975-02-25,1975,2,25,219
1975-02-26,1975,2,26,259
1975-02-27,1975,2,27,199
1975-02-28,1975,2,28,219
1975-03-01,1975,3,1,222
1975-03-02,1975,3,2,232
1975-03-03,1975,3,3,202
1975-03-04,1975,3,4,252
1975-03-05,1975,3,5,222
1975-03-06,1975,3,6,272
1975-03-07,1975,3,7,272
1975-03-08,1975,3,8,212
1975-03-09,1975,3,9,232
1975-03-10,1975,3,10,242
1975-03-11,1975,3,11,222
1975-03-12,1975,3,12,222
1975-03-13,1975,3,13,232
1975-03-14,1975,3,14,222
1975-03-15,1975,3,15,232
1975-03-16,1975,3,16,282
1975-03-17,1975,3,17,222
1975-03-18,1975,3,18,242
1975-03-19,1975,3,19,232
1975-03-20,1975,3,20,232
1975-03-21,1975,3,21,302
1975-03-22,1975,3,22,242
1975-03-23,1975,3,23,232
1975-03-24,1975,3,24,192
1975-03-25,1975,3,25,292
1975-03-26,1975,3,26,192
1975-03-27,1975,3,27,282
1975-03-28,1975,3,28,262
1975-03-29,1975,3,29,222
1975-03-30,1975,3,30,262
1975-03-31,1975,3,31,222
1975-04-01,1975,4,1,256
1975-04-02,1975,4,2,256
1975-04-03,1975,4,3,256
1975-04-04,1975,4,4,283
1975-04-05,1975,4,5,289
1975-04-06,1975,4,6,283
1975-04-07,1975,4,7,283
1975-04-08,1975,4,8,294
1975-04-09,1975,4,9,289
1975-04-10,1975,4,10,283
1975-04-11,1975,4,11,267
1975-04-12,1975,4,12,267
1975-04-13,1975,4,13,278
1975-04-14,1975,4,14,278
1975-04-15,1975,4,15,278
1975-04-16,1975,4,16,278
1975-04-17,1975,4,17,272
1975-04-18,1975,4,18,267
1975-04-19,1975,4,19,267
1975-04-20,1975,4,20,256
1975-04-21,1975,4,21,228
1975-04-22,1975,4,22,267
1975-04-23,1975,4,23,278
1975-04-24,1975,4,24,283
1975-04-25,1975,4,25,283
1975-04-26,1975,4,26,294
1975-04-27,1975,4,27,283
1975-04-28,1975,4,28,294
1975-04-29,1975,4,29,256
1975-04-30,1975,4,30,228
1975-05-01,1975,5,1,268
1975-05-02,1975,5,2,228
1975-05-03,1975,5,3,258
1975-05-04,1975,5,4,218
1975-05-05,1975,5,5,208
1975-05-06,1975,5,6,248
1975-05-07,1975,5,7,208
1975-05-08,1975,5,8,268
1975-05-09,1975,5,9,268
1975-05-10,1975,5,10,258
1975-05-11,1975,5,11,218
1975-05-12,1975,5,12,258
1975-05-13,1975,5,13,218
1975-05-14,1975,5,14,278
1975-05-15,1975,5,15,218
1975-05-16,1975,5,16,208
1975-05-17,1975,5,17,218
1975-05-18,1975,5,18,278
1975-05-19,1975,5,19,208
1975-05-20,1975,5,20,198
1975-05-21,1975,5,21,258
1975-05-22,1975,5,22,218
1975-05-23,1975,5,23,228
1975-05-24,1975,5,24,258
1975-05-25,1975,5,25,258
1975-05-26,1975,5,26,248
1975-05-27,1975,5,27,228
1975-05-28,1975,5,28,228
1975-05-29,1975,5,29,208
1975-05-30,1975,5,30,268
1975-05-31,1975,5,31,258
1975-06-01,1975,6,1,211
1975-06-02,1975,6,2,228
1975-06-03,1975,6,3,256
1975-06-04,1975,6,4,233
1975-06-05,1975,6,5,233
1975-06-06,1975,6,6,256
1975-06-07,1975,6,7,267
1975-06-08,1975,6,8,239
1975-06-09,1975,6,9,222
1975-06-10,1975,6,10,278
1975-06-11,1975,6,11,228
1975-06-12,1975,6,12,222
1975-06-13,1975,6,13,217
1975-06-14,1975,6,14,267
1975-06-15,1975,6,15,222
1975-06-16,1975,6,16,278
1975-06-17,1975,6,17,267
1975-06-18,1975,6,18,267
1975-06-19,1975,6,19,211
1975-06-20,1975,6,20,200
1975-06-21,1975,6,21,217
1975-06-22,1975,6,22,222
1975-06-23,1975,6,23,239
1975-06-24,1975,6,24,233
1975-06-25,1975,6,25,217
1975-06-26,1975,6,26,250
1975-06-27,1975,6,27,217
1975-06-28,1975,6,28,256
1975-06-29,1975,6,29,239
1975-06-30,1975,6,30,217
1975-07-01,1975,7,1,217
1975-07-02,1975,7,2,217
1975-07-03,1975,7,3,261
1975-07-04,1975,7,4,233
1975-07-05,1975,7,5,222
1975-07-06,1975,7,6,261
1975-07-07,1975,7,7,261
1975-07-08,1975,7,8,222
1975-07-09,1975,7,9,200
1975-07-10,1975,7,10,239
1975-07-11,1975,7,11,228
1975-07-12,1975,7,12,272
1975-07-13,1975,7,13,261
1975-07-14,1975,7,14,272
1975-07-15,1975,7,15,211
1975-07-16,1975,7,16,206
1975-07-17,1975,7,17,228
1975-07-18,1975,7,18,261
1975-07-19,1975,7,19,217
1975-07-20,1975,7,20,211
1975-07-21,1975,7,21,222
1975-07-22,1975,7,22,206
1975-07-23,1975,7,23,217
1975-07-24,1975,7,24,244
1975-07-25,1975,7,25,228
1975-07-26,1975,7,26,239
1975-07-27,1975,7,27,228
1975-07-28,1975,7,28,228
1975-07-29,1975,7,29,239
1975-07-30,1975,7,30,233
1975-07-31,1975,7,31,189
1975-08-01,1975,8,1,217
1975-08-02,1975,8,2,207
1975-08-03,1975,8,3,227
1975-08-04,1975,8,4,217
1975-08-05,1975,8,5,207
1975-08-06,1975,8,6,227
1975-08-07,1975,8,7,267
1975-08-08,1975,8,8,217
1975-08-09,1975,8,9,227
1975-08-10,1975,8,10,237
1975-08-11,1975,8,11,207
1975-08-12,1975,8,12,227
1975-08-13,1975,8,13,227
1975-08-14,1975,8,14,207
1975-08-15,1975,8,15,217
1975-08-16,1975,8,16,257
1975-08-17,1975,8,17,207
1975-08-18,1975,8,18,237
1975-08-19,1975,8,19,207
1975-08-20,1975,8,20,217
1975-08-21,1975,8,21,277
1975-08-22,1975,8,22,247
1975-08-23,1975,8,23,237
1975-08-24,1975,8,24,197
1975-08-25,1975,8,25,197
1975-08-26,1975,8,26,207
1975-08-27,1975,8,27,197
1975-08-28,1975,8,28,247
1975-08-29,1975,8,29,187
1975-08-30,1975,8,30,237
1975-08-31,1975,8,31,247
1975-09-01,1975,9,1,241
1975-09-02,1975,9,2,221
1975-09-03,1975,9,3,261
1975-09-04,1975,9,4,211
1975-09-05,1975,9,5,271
1975-09-06,1975,9,6,241
1975-09-07,1975,9,7,191
1975-09-08,1975,9,8,181
1975-09-09,1975,9,9,261
1975-09-10,1975,9,10,251
1975-09-11,1975,9,11,211
1975-09-12,1975,9,12,231
1975-09-13,1975,9,13,231
1975-09-14,1975,9,14,221
1975-09-15,1975,9,15,221
1975-09-16,1975,9,16,271
1975-09-17,1975,9,17,261
1975-09-18,1975,9,18,231
1975-09-19,1975,9,19,201
1975-09-20,1975,9,20,211
1975-09-21,1975,9,21,221
1975-09-22,1975,9,22,231
1975-09-23,1975,9,23,271
1975-09-24,1975,9,24,231
1975-09-25,1975,9,25,211
1975-09-26,1975,9,26,171
1975-09-27,1975,9,27,221
1975-09-28,1975,9,28,231
1975-09-29,1975,9,29,191
1975-09-30,1975,9,30,271
1975-10-01,1975,10,1,196
1975-10-02,1975,10,2,256
1975-10-03,1975,10,3,236
1975-10-04,1975,10,4,216
1975-10-05,1975,10,5,226
1975-10-06,1975,10,6,206
1975-10-07,1975,10,7,206
1975-10-08,1975,10,8,236
1975-10-09,1975,10,9,226
1975-10-10,1975,10,10,276
1975-10-11,1975,10,11,226
1975-10-12,1975,10,12,206
1975-10-13,1975,10,13,276
1975-10-14,1975,10,14,216
1975-10-15,1975,10,15,236
1975-10-16,1975,10,16,226
1975-10-17,1975,10,17,256
1975-10-18,1975,10,18,236
1975-10-19,1975,10,19,216
1975-10-20,1975,10,20,246
1975-10-21,1975,10,21,236
1975-10-22,1975,10,22,246
1975-10-23,1975,10,23,236
1975-10-24,1975,10,24,276
1975-10-25,1975,10,25,236
1975-10-26,1975,10,26,266
1975-10-27,1975,10,27,226
1975-10-28,1975,10,28,226
1975-10-29,1975,10,29,266
1975-10-30,1975,10,30,246
1975-10-31,1975,10,31,236
1975-11-01,1975,11,1,242
1975-11-02,1975,11,2,232
1975-11-03,1975,11,3,282
1975-11-04,1975,11,4,202
1975-11-05,1975,11,5,162
1975-11-06,1975,11,6,272
1975-11-07,1975,11,7,262
1975-11-08,1975,11,8,202
1975-11-09,1975,11,9,232
1975-11-10,1975,11,10,132
1975-11-11,1975,11,11,222
1975-11-12,1975,11,12,222
1975-11-13,1975,11,13,212
1975-11-14,1975,11,14,222
1975-11-15,1975,11,15,232
1975-11-16,1975,11,16,222
1975-11-17,1975,11,17,222
1975-11-18,1975,11,18,252
1975-11-19,1975,11,19,232
1975-11-20,1975,11,20,272
1975-11-21,1975,11,21,252
1975-11-22,1975,11,22,272
1975-11-23,1975,11,23,232
1975-11-24,1975,11,24,262
1975-11-25,1975,11,25,232
1975-11-26,1975,11,26,192
1975-11-27,1975,11,27,242
1975-11-28,1975,11,28,242
1975-11-29,1975,11,29,232
1975-11-30,1975,11,30,202
1975-12-01,1975,12,1,219
1975-12-02,1975,12,2,269
1975-12-03,1975,12,3,219
1975-12-04,1975,12,4,279
1975-12-05,1975,12,5,239
1975-12-06,1975,12,6,239
1975-12-07,1975,12,7,259
1975-12-08,1975,12,8,279
1975-12-09,1975,12,9,219
1975-12-10,1975,12,10,229
1975-12-11,1975,12,11,239
1975-12-12,1975,12,12,229
1975-12-13,1975,12,13,219
1975-12-14,1975,12,14,219
1975-12-15,1975,12,15,219
1975-12-16,1975,12,16,239
1975-12-17,1975,12,17,219
1975-12-18,1975,12,18,279
1975-12-19,1975,12,19,239
1975-12-20,1975,12,20,249
1975-12-21,1975,12,21,289
1975-12-22,1975,12,22,239
1975-12-23,1975,12,23,259
1975-12-24,1975,12,24,239
1975-12-25,1975,12,25,259
1975-12-26,1975,12,26,219
1975-12-27,1975,12,27,219
1975-12-28,1975,12,28,259
1975-12-29,1975,12,29,219
1975-12-30,1975,12,30,149
1975-12-31,1975,12,31,289
1976-01-01,1976,1,1,248
1976-01-02,1976,1,2,228
1976-01-03,1976,1,3,228
1976-01-04,1976,1,4,198
1976-01-05,1976,1,5,228
1976-01-06,1976,1,6,228
1976-01-07,1976,1,7,228
1976-01-08,1976,1,8,228
1976-01-09,1976,1,9,228
1976-01-10,1976,1,10,228
1976-01-11,1976,1,11,228
1976-01-12,1976,1,12,208
1976-01-13,1976,1,13,228
1976-01-14,1976,1,14,288
1976-01-15,1976,1,15,198
1976-01-16,1976,1,16,228
1976-01-17,1976,1,17,238
1976-01-18,1976,1,18,278
1976-01-19,1976,1,19,178
1976-01-20,1976,1,20,228
1976-01-21,1976,1,21,218
1976-01-22,1976,1,22,228
1976-01-23,1976,1,23,228
1976-01-24,1976,1,24,218
1976-01-25,1976,1,25,238
1976-01-26,1976,1,26,238
1976-01-27,1976,1,27,188
1976-01-28,1976,1,28,228
1976-01-29,1976,1,29,238
1976-01-30,1976,1,30,268
1976-01-31,1976,1,31,238
1976-02-01,1976,2,1,239
1976-02-02,1976,2,2,229
1976-02-03,1976,2,3,289
1976-02-04,1976,2,4,299
1976-02-05,1976,2,5,199
1976-02-06,1976,2,6,199
1976-02-07,1976,2,7,239
1976-02-08,1976,2,8,189
1976-02-09,1976,2,9,229
1976-02-10,1976,2,10,239
1976-02-11,1976,2,11,209
1976-02-12,1976,2,12,239
1976-02-13,1976,2,13,219
1976-02-14,1976,2,14,239
1976-02-15,1976,2,15,239
1976-02-16,1976,2,16,219
1976-02-17,1976,2,17,289
1976-02-18,1976,2,18,229
1976-02-19,1976,2,19,239
1976-02-20,1976,2,20,289
1976-02-21,1976,2,21,239
1976-02-22,1976,2,22,239
1976-02-23,1976,2,23,219
1976-02-24,1976,2,24,239
1976-02-25,1976,2,25,209
1976-02-26,1976,2,26,239
1976-02-27,1976,2,27,229
1976-02-28,1976,2,28,219
1976-02-29,1976,2,29,249
1976-03-01,1976,3,1,267
1976-03-02,1976,3,2,272
1976-03-03,1976,3,3,283
1976-03-04,1976,3,4,283
1976-03-05,1976,3,5,283
1976-03-06,1976,3,6,272
1976-03-07,1976,3,7,272
1976-03-08,1976,3,8,267
1976-03-09,1976,3,9,267
1976-03-10,1976,3,10,267
1976-03-11,1976,3,11,267
1976-03-12,1976,3,12,294
1976-03-13,1976,3,13,267
1976-03-14,1976,3,14,306
1976-03-15,1976,3,15,267
1976-03-16,1976,3,16,267
1976-03-17,1976,3,17,289
1976-03-18,1976,3,18,294
1976-03-19,1976,3,19,278
1976-03-20,1976,3,20,242
1976-03-21,1976,3,21,300
1976-03-22,1976,3,22,256
1976-03-23,1976,3,23,278
1976-03-24,1976,3,24,289
1976-03-25,1976,3,25,289
1976-03-26,1976,3,26,272
1976-03-27,1976,3,27,267
1976-03-28,1976,3,28,278
1976-03-29,1976,3,29,278
1976-03-30,1976,3,30,283
1976-03-31,1976,3,31,278
1976-04-01,1976,4,1,283
1976-04-02,1976,4,2,278
1976-04-03,1976,4,3,294
1976-04-04,1976,4,4,267
1976-04-05,1976,4,5,278
1976-04-06,1976,4,6,289
1976-04-07,1976,4,7,283
1976-04-08,1976,4,8,283
1976-04-09,1976,4,9,271
1976-04-10,1976,4,10,221
1976-04-11,1976,4,11,283
1976-04-12,1976,4,12,267
1976-04-13,1976,4,13,272
1976-04-14,1976,4,14,278
1976-04-15,1976,4,15,272
1976-04-16,1976,4,16,289
1976-04-17,1976,4,17,272
1976-04-18,1976,4,18,278
1976-04-19,1976,4,19,272
1976-04-20,1976,4,20,231
1976-04-21,1976,4,21,272
1976-04-22,1976,4,22,250
1976-04-23,1976,4,23,278
1976-04-24,1976,4,24,289
1976-04-25,1976,4,25,250
1976-04-26,1976,4,26,256
1976-04-27,1976,4,27,239
1976-04-28,1976,4,28,256
1976-04-29,1976,4,29,261
1976-04-30,1976,4,30,228
1976-05-01,1976,5,1,256
1976-05-02,1976,5,2,256
1976-05-03,1976,5,3,256
1976-05-04,1976,5,4,278
1976-05-05,1976,5,5,272
1976-05-06,1976,5,6,256
1976-05-07,1976,5,7,256
1976-05-08,1976,5,8,261
1976-05-09,1976,5,9,283
1976-05-10,1976,5,10,267
1976-05-11,1976,5,11,256
1976-05-12,1976,5,12,267
1976-05-13,1976,5,13,278
1976-05-14,1976,5,14,239
1976-05-15,1976,5,15,250
1976-05-16,1976,5,16,261
1976-05-17,1976,5,17,256
1976-05-18,1976,5,18,261
1976-05-19,1976,5,19,261
1976-05-20,1976,5,20,267
1976-05-21,1976,5,21,250
1976-05-22,1976,5,22,244
1976-05-23,1976,5,23,250
1976-05-24,1976,5,24,233
1976-05-25,1976,5,25,250
1976-05-26,1976,5,26,233
1976-05-27,1976,5,27,250
1976-05-28,1976,5,28,256
1976-05-29,1976,5,29,261
1976-05-30,1976,5,30,261
1976-05-31,1976,5,31,256
1976-06-01,1976,6,1,250
1976-06-02,1976,6,2,261
1976-06-03,1976,6,3,267
1976-06-04,1976,6,4,261
1976-06-05,1976,6,5,267
1976-06-06,1976,6,6,256
1976-06-07,1976,6,7,278
1976-06-08,1976,6,8,272
1976-06-09,1976,6,9,278
1976-06-10,1976,6,10,283
1976-06-11,1976,6,11,267
1976-06-12,1976,6,12,267
1976-06-13,1976,6,13,272
1976-06-14,1976,6,14,267
1976-06-15,1976,6,15,267
1976-06-16,1976,6,16,244
1976-06-17,1976,6,17,261
1976-06-18,1976,6,18,261
1976-06-19,1976,6,19,267
1976-06-20,1976,6,20,278
1976-06-21,1976,6,21,267
1976-06-22,1976,6,22,256
1976-06-23,1976,6,23,267
1976-06-24,1976,6,24,256
1976-06-25,1976,6,25,244
1976-06-26,1976,6,26,261
1976-06-27,1976,6,27,272
1976-06-28,1976,6,28,233
1976-06-29,1976,6,29,256
1976-06-30,1976,6,30,256
1976-07-01,1976,7,1,267
1976-07-02,1976,7,2,256
1976-07-03,1976,7,3,261
1976-07-04,1976,7,4,256
1976-07-05,1976,7,5,256
1976-07-06,1976,7,6,256
1976-07-07,1976,7,7,267
1976-07-08,1976,7,8,261
1976-07-09,1976,7,9,267
1976-07-10,1976,7,10,272
1976-07-11,1976,7,11,256
1976-07-12,1976,7,12,267
1976-07-13,1976,7,13,239
1976-07-14,1976,7,14,250
1976-07-15,1976,7,15,250
1976-07-16,1976,7,16,250
1976-07-17,1976,7,17,267
1976-07-18,1976,7,18,261
1976-07-19,1976,7,19,278
1976-07-20,1976,7,20,239
1976-07-21,1976,7,21,261
1976-07-22,1976,7,22,261
1976-07-23,1976,7,23,261
1976-07-24,1976,7,24,261
1976-07-25,1976,7,25,272
1976-07-26,1976,7,26,244
1976-07-27,1976,7,27,239
1976-07-28,1976,7,28,233
1976-07-29,1976,7,29,239
1976-07-30,1976,7,30,233
1976-07-31,1976,7,31,239
1976-08-01,1976,8,1,267
1976-08-02,1976,8,2,283
1976-08-03,1976,8,3,250
1976-08-04,1976,8,4,250
1976-08-05,1976,8,5,256
1976-08-06,1976,8,6,256
1976-08-07,1976,8,7,239
1976-08-08,1976,8,8,261
1976-08-09,1976,8,9,267
1976-08-10,1976,8,10,267
1976-08-11,1976,8,11,261
1976-08-12,1976,8,12,256
1976-08-13,1976,8,13,256
1976-08-14,1976,8,14,267
1976-08-15,1976,8,15,261
1976-08-16,1976,8,16,244
1976-08-17,1976,8,17,239
1976-08-18,1976,8,18,239
1976-08-19,1976,8,19,267
1976-08-20,1976,8,20,267
1976-08-21,1976,8,21,272
1976-08-22,1976,8,22,272
1976-08-23,1976,8,23,267
1976-08-24,1976,8,24,267
1976-08-25,1976,8,25,261
1976-08-26,1976,8,26,250
1976-08-27,1976,8,27,256
1976-08-28,1976,8,28,237
1976-08-29,1976,8,29,237
1976-08-30,1976,8,30,217
1976-08-31,1976,8,31,256
1976-09-01,1976,9,1,261
1976-09-02,1976,9,2,283
1976-09-03,1976,9,3,267
1976-09-04,1976,9,4,261
1976-09-05,1976,9,5,278
1976-09-06,1976,9,6,261
1976-09-07,1976,9,7,283
1976-09-08,1976,9,8,278
1976-09-09,1976,9,9,278
1976-09-10,1976,9,10,267
1976-09-11,1976,9,11,261
1976-09-12,1976,9,12,261
1976-09-13,1976,9,13,261
1976-09-14,1976,9,14,256
1976-09-15,1976,9,15,261
1976-09-16,1976,9,16,261
1976-09-17,1976,9,17,256
1976-09-18,1976,9,18,261
1976-09-19,1976,9,19,267
1976-09-20,1976,9,20,261
1976-09-21,1976,9,21,272
1976-09-22,1976,9,22,261
1976-09-23,1976,9,23,256
1976-09-24,1976,9,24,267
1976-09-25,1976,9,25,272
1976-09-26,1976,9,26,267
1976-09-27,1976,9,27,283
1976-09-28,1976,9,28,256
1976-09-29,1976,9,29,261
1976-09-30,1976,9,30,278
1976-10-01,1976,10,1,272
1976-10-02,1976,10,2,267
1976-10-03,1976,10,3,283
1976-10-04,1976,10,4,272
1976-10-05,1976,10,5,250
1976-10-06,1976,10,6,239
1976-10-07,1976,10,7,272
1976-10-08,1976,10,8,250
1976-10-09,1976,10,9,267
1976-10-10,1976,10,10,283
1976-10-11,1976,10,11,261
1976-10-12,1976,10,12,272
1976-10-13,1976,10,13,283
1976-10-14,1976,10,14,278
1976-10-15,1976,10,15,226
1976-10-16,1976,10,16,272
1976-10-17,1976,10,17,256
1976-10-18,1976,10,18,261
1976-10-19,1976,10,19,267
1976-10-20,1976,10,20,244
1976-10-21,1976,10,21,283
1976-10-22,1976,10,22,272
1976-10-23,1976,10,23,267
1976-10-24,1976,10,24,289
1976-10-25,1976,10,25,283
1976-10-26,1976,10,26,283
1976-10-27,1976,10,27,283
1976-10-28,1976,10,28,278
1976-10-29,1976,10,29,272
1976-10-30,1976,10,30,272
1976-10-31,1976,10,31,300
1976-11-01,1976,11,1,272
1976-11-02,1976,11,2,289
1976-11-03,1976,11,3,278
1976-11-04,1976,11,4,278
1976-11-05,1976,11,5,278
1976-11-06,1976,11,6,272
1976-11-07,1976,11,7,261
1976-11-08,1976,11,8,261
1976-11-09,1976,11,9,239
1976-11-10,1976,11,10,250
1976-11-11,1976,11,11,278
1976-11-12,1976,11,12,261
1976-11-13,1976,11,13,272
1976-11-14,1976,11,14,283
1976-11-15,1976,11,15,272
1976-11-16,1976,11,16,283
1976-11-17,1976,11,17,289
1976-11-18,1976,11,18,289
1976-11-19,1976,11,19,294
1976-11-20,1976,11,20,267
1976-11-21,1976,11,21,289
1976-11-22,1976,11,22,283
1976-11-23,1976,11,23,289
1976-11-24,1976,11,24,278
1976-11-25,1976,11,25,283
1976-11-26,1976,11,26,283
1976-11-27,1976,11,27,278
1976-11-28,1976,11,28,267
1976-11-29,1976,11,29,289
1976-11-30,1976,11,30,267
1976-12-01,1976,12,1,244
1976-12-02,1976,12,2,261
1976-12-03,1976,12,3,289
1976-12-04,1976,12,4,272
1976-12-05,1976,12,5,250
1976-12-06,1976,12,6,261
1976-12-07,1976,12,7,261
1976-12-08,1976,12,8,261
1976-12-09,1976,12,9,250
1976-12-10,1976,12,10,250
1976-12-11,1976,12,11,261
1976-12-12,1976,12,12,244
1976-12-13,1976,12,13,219
1976-12-14,1976,12,14,283
1976-12-15,1976,12,15,278
1976-12-16,1976,12,16,239
1976-12-17,1976,12,17,256
1976-12-18,1976,12,18,278
1976-12-19,1976,12,19,294
1976-12-20,1976,12,20,306
1976-12-21,1976,12,21,289
1976-12-22,1976,12,22,278
1976-12-23,1976,12,23,306
1976-12-24,1976,12,24,300
1976-12-25,1976,12,25,300
1976-12-26,1976,12,26,250
1976-12-27,1976,12,27,250
1976-12-28,1976,12,28,272
1976-12-29,1976,12,29,256
1976-12-30,1976,12,30,283
1976-12-31,1976,12,31,261
1977-01-01,1977,1,1,258
1977-01-02,1977,1,2,208
1977-01-03,1977,1,3,208
1977-01-04,1977,1,4,188
1977-01-05,1977,1,5,238
1977-01-06,1977,1,6,258
1977-01-07,1977,1,7,218
1977-01-08,1977,1,8,268
1977-01-09,1977,1,9,228
1977-01-10,1977,1,10,258
1977-01-11,1977,1,11,218
1977-01-12,1977,1,12,238
1977-01-13,1977,1,13,278
1977-01-14,1977,1,14,208
1977-01-15,1977,1,15,228
1977-01-16,1977,1,16,238
1977-01-17,1977,1,17,208
1977-01-18,1977,1,18,198
1977-01-19,1977,1,19,238
1977-01-20,1977,1,20,228
1977-01-21,1977,1,21,228
1977-01-22,1977,1,22,228
1977-01-23,1977,1,23,228
1977-01-24,1977,1,24,238
1977-01-25,1977,1,25,208
1977-01-26,1977,1,26,278
1977-01-27,1977,1,27,228
1977-01-28,1977,1,28,218
1977-01-29,1977,1,29,208
1977-01-30,1977,1,30,288
1977-01-31,1977,1,31,228
1977-02-01,1977,2,1,299
1977-02-02,1977,2,2,199
1977-02-03,1977,2,3,209
1977-02-04,1977,2,4,219
1977-02-05,1977,2,5,219
1977-02-06,1977,2,6,289
1977-02-07,1977,2,7,239
1977-02-08,1977,2,8,309
1977-02-09,1977,2,9,229
1977-02-10,1977,2,10,229
1977-02-11,1977,2,11,249
1977-02-12,1977,2,12,249
1977-02-13,1977,2,13,219
1977-02-14,1977,2,14,209
1977-02-15,1977,2,15,239
1977-02-16,1977,2,16,239
1977-02-17,1977,2,17,209
1977-02-18,1977,2,18,239
1977-02-19,1977,2,19,269
1977-02-20,1977,2,20,239
1977-02-21,1977,2,21,219
1977-02-22,1977,2,22,209
1977-02-23,1977,2,23,229
1977-02-24,1977,2,24,199
1977-02-25,1977,2,25,219
1977-02-26,1977,2,26,199
1977-02-27,1977,2,27,309
1977-02-28,1977,2,28,239
1977-03-01,1977,3,1,311
1977-03-02,1977,3,2,306
1977-03-03,1977,3,3,306
1977-03-04,1977,3,4,294
1977-03-05,1977,3,5,302
1977-03-06,1977,3,6,289
1977-03-07,1977,3,7,300
1977-03-08,1977,3,8,294
1977-03-09,1977,3,9,283
1977-03-10,1977,3,10,294
1977-03-11,1977,3,11,261
1977-03-12,1977,3,12,272
1977-03-13,1977,3,13,250
1977-03-14,1977,3,14,272
1977-03-15,1977,3,15,261
1977-03-16,1977,3,16,261
1977-03-17,1977,3,17,267
1977-03-18,1977,3,18,289
1977-03-19,1977,3,19,278
1977-03-20,1977,3,20,278
1977-03-21,1977,3,21,261
1977-03-22,1977,3,22,283
1977-03-23,1977,3,23,278
1977-03-24,1977,3,24,272
1977-03-25,1977,3,25,289
1977-03-26,1977,3,26,267
1977-03-27,1977,3,27,283
1977-03-28,1977,3,28,267
1977-03-29,1977,3,29,294
1977-03-30,1977,3,30,294
1977-03-31,1977,3,31,283
1977-04-01,1977,4,1,272
1977-04-02,1977,4,2,289
1977-04-03,1977,4,3,294
1977-04-04,1977,4,4,278
1977-04-05,1977,4,5,283
1977-04-06,1977,4,6,278
1977-04-07,1977,4,7,289
1977-04-08,1977,4,8,289
1977-04-09,1977,4,9,256
1977-04-10,1977,4,10,289
1977-04-11,1977,4,11,289
1977-04-12,1977,4,12,283
1977-04-13,1977,4,13,283
1977-04-14,1977,4,14,283
1977-04-15,1977,4,15,278
1977-04-16,1977,4,16,278
1977-04-17,1977,4,17,294
1977-04-18,1977,4,18,289
1977-04-19,1977,4,19,261
1977-04-20,1977,4,20,261
1977-04-21,1977,4,21,283
1977-04-22,1977,4,22,278
1977-04-23,1977,4,23,283
1977-04-24,1977,4,24,256
1977-04-25,1977,4,25,272
1977-04-26,1977,4,26,289
1977-04-27,1977,4,27,278
1977-04-28,1977,4,28,283
1977-04-29,1977,4,29,278
1977-04-30,1977,4,30,278
1977-05-01,1977,5,1,278
1977-05-02,1977,5,2,283
1977-05-03,1977,5,3,283
1977-05-04,1977,5,4,272
1977-05-05,1977,5,5,261
1977-05-06,1977,5,6,256
1977-05-07,1977,5,7,278
1977-05-08,1977,5,8,283
1977-05-09,1977,5,9,283
1977-05-10,1977,5,10,250
1977-05-11,1977,5,11,228
1977-05-12,1977,5,12,267
1977-05-13,1977,5,13,261
1977-05-14,1977,5,14,233
1977-05-15,1977,5,15,239
1977-05-16,1977,5,16,239
1977-05-17,1977,5,17,256
1977-05-18,1977,5,18,261
1977-05-19,1977,5,19,256
1977-05-20,1977,5,20,267
1977-05-21,1977,5,21,267
1977-05-22,1977,5,22,261
1977-05-23,1977,5,23,267
1977-05-24,1977,5,24,250
1977-05-25,1977,5,25,256
1977-05-26,1977,5,26,250
1977-05-27,1977,5,27,272
1977-05-28,1977,5,28,256
1977-05-29,1977,5,29,250
1977-05-30,1977,5,30,250
1977-05-31,1977,5,31,261
1977-06-01,1977,6,1,256
1977-06-02,1977,6,2,256
1977-06-03,1977,6,3,256
1977-06-04,1977,6,4,256
1977-06-05,1977,6,5,250
1977-06-06,1977,6,6,244
1977-06-07,1977,6,7,267
1977-06-08,1977,6,8,272
1977-06-09,1977,6,9,272
1977-06-10,1977,6,10,267
1977-06-11,1977,6,11,272
1977-06-12,1977,6,12,267
1977-06-13,1977,6,13,267
1977-06-14,1977,6,14,261
1977-06-15,1977,6,15,256
1977-06-16,1977,6,16,250
1977-06-17,1977,6,17,250
1977-06-18,1977,6,18,267
1977-06-19,1977,6,19,267
1977-06-20,1977,6,20,272
1977-06-21,1977,6,21,278
1977-06-22,1977,6,22,261
1977-06-23,1977,6,23,256
1977-06-24,1977,6,24,244
1977-06-25,1977,6,25,244
1977-06-26,1977,6,26,261
1977-06-27,1977,6,27,256
1977-06-28,1977,6,28,261
1977-06-29,1977,6,29,244
1977-06-30,1977,6,30,250
1977-07-01,1977,7,1,244
1977-07-02,1977,7,2,244
1977-07-03,1977,7,3,244
1977-07-04,1977,7,4,256
1977-07-05,1977,7,5,256
1977-07-06,1977,7,6,244
1977-07-07,1977,7,7,244
1977-07-08,1977,7,8,239
1977-07-09,1977,7,9,256
1977-07-10,1977,7,10,244
1977-07-11,1977,7,11,261
1977-07-12,1977,7,12,261
1977-07-13,1977,7,13,261
1977-07-14,1977,7,14,272
1977-07-15,1977,7,15,250
1977-07-16,1977,7,16,250
1977-07-17,1977,7,17,239
1977-07-18,1977,7,18,239
1977-07-19,1977,7,19,244
1977-07-20,1977,7,20,256
1977-07-21,1977,7,21,261
1977-07-22,1977,7,22,261
1977-07-23,1977,7,23,261
1977-07-24,1977,7,24,261
1977-07-25,1977,7,25,256
1977-07-26,1977,7,26,250
1977-07-27,1977,7,27,206
1977-07-28,1977,7,28,256
1977-07-29,1977,7,29,250
1977-07-30,1977,7,30,256
1977-07-31,1977,7,31,272
1977-08-01,1977,8,1,256
1977-08-02,1977,8,2,256
1977-08-03,1977,8,3,267
1977-08-04,1977,8,4,261
1977-08-05,1977,8,5,256
1977-08-06,1977,8,6,239
1977-08-07,1977,8,7,244
1977-08-08,1977,8,8,250
1977-08-09,1977,8,9,250
1977-08-10,1977,8,10,244
1977-08-11,1977,8,11,261
1977-08-12,1977,8,12,267
1977-08-13,1977,8,13,244
1977-08-14,1977,8,14,239
1977-08-15,1977,8,15,239
1977-08-16,1977,8,16,233
1977-08-17,1977,8,17,244
1977-08-18,1977,8,18,256
1977-08-19,1977,8,19,256
1977-08-20,1977,8,20,244
1977-08-21,1977,8,21,239
1977-08-22,1977,8,22,244
1977-08-23,1977,8,23,239
1977-08-24,1977,8,24,177
1977-08-25,1977,8,25,217
1977-08-26,1977,8,26,217
1977-08-27,1977,8,27,237
1977-08-28,1977,8,28,227
1977-08-29,1977,8,29,257
1977-08-30,1977,8,30,227
1977-08-31,1977,8,31,227
1977-09-01,1977,9,1,181
1977-09-02,1977,9,2,251
1977-09-03,1977,9,3,271
1977-09-04,1977,9,4,261
1977-09-05,1977,9,5,171
1977-09-06,1977,9,6,250
1977-09-07,1977,9,7,250
1977-09-08,1977,9,8,250
1977-09-09,1977,9,9,256
1977-09-10,1977,9,10,256
1977-09-11,1977,9,11,256
1977-09-12,1977,9,12,256
1977-09-13,1977,9,13,239
1977-09-14,1977,9,14,239
1977-09-15,1977,9,15,250
1977-09-16,1977,9,16,256
1977-09-17,1977,9,17,250
1977-09-18,1977,9,18,267
1977-09-19,1977,9,19,256
1977-09-20,1977,9,20,256
1977-09-21,1977,9,21,261
1977-09-22,1977,9,22,272
1977-09-23,1977,9,23,267
1977-09-24,1977,9,24,256
1977-09-25,1977,9,25,272
1977-09-26,1977,9,26,267
1977-09-27,1977,9,27,278
1977-09-28,1977,9,28,256
1977-09-29,1977,9,29,272
1977-09-30,1977,9,30,267
1977-10-01,1977,10,1,256
1977-10-02,1977,10,2,261
1977-10-03,1977,10,3,267
1977-10-04,1977,10,4,239
1977-10-05,1977,10,5,267
1977-10-06,1977,10,6,278
1977-10-07,1977,10,7,272
1977-10-08,1977,10,8,256
1977-10-09,1977,10,9,250
1977-10-10,1977,10,10,250
1977-10-11,1977,10,11,278
1977-10-12,1977,10,12,272
1977-10-13,1977,10,13,261
1977-10-14,1977,10,14,239
1977-10-15,1977,10,15,261
1977-10-16,1977,10,16,261
1977-10-17,1977,10,17,261
1977-10-18,1977,10,18,267
1977-10-19,1977,10,19,267
1977-10-20,1977,10,20,278
1977-10-21,1977,10,21,289
1977-10-22,1977,10,22,261
1977-10-23,1977,10,23,256
1977-10-24,1977,10,24,256
1977-10-25,1977,10,25,256
1977-10-26,1977,10,26,267
1977-10-27,1977,10,27,272
1977-10-28,1977,10,28,261
1977-10-29,1977,10,29,261
1977-10-30,1977,10,30,256
1977-10-31,1977,10,31,256
1977-11-01,1977,11,1,256
1977-11-02,1977,11,2,267
1977-11-03,1977,11,3,267
1977-11-04,1977,11,4,261
1977-11-05,1977,11,5,272
1977-11-06,1977,11,6,256
1977-11-07,1977,11,7,261
1977-11-08,1977,11,8,272
1977-11-09,1977,11,9,283
1977-11-10,1977,11,10,283
1977-11-11,1977,11,11,278
1977-11-12,1977,11,12,278
1977-11-13,1977,11,13,272
1977-11-14,1977,11,14,261
1977-11-15,1977,11,15,256
1977-11-16,1977,11,16,272
1977-11-17,1977,11,17,267
1977-11-18,1977,11,18,272
1977-11-19,1977,11,19,267
1977-11-20,1977,11,20,261
1977-11-21,1977,11,21,261
1977-11-22,1977,11,22,250
1977-11-23,1977,11,23,256
1977-11-24,1977,11,24,272
1977-11-25,1977,11,25,283
1977-11-26,1977,11,26,261
1977-11-27,1977,11,27,261
1977-11-28,1977,11,28,278
1977-11-29,1977,11,29,272
1977-11-30,1977,11,30,261
1977-12-01,1977,12,1,283
1977-12-02,1977,12,2,283
1977-12-03,1977,12,3,261
1977-12-04,1977,12,4,272
1977-12-05,1977,12,5,272
1977-12-06,1977,12,6,283
1977-12-07,1977,12,7,272
1977-12-08,1977,12,8,283
1977-12-09,1977,12,9,289
1977-12-10,1977,12,10,261
1977-12-11,1977,12,11,278
1977-12-12,1977,12,12,294
1977-12-13,1977,12,13,261
1977-12-14,1977,12,14,278
1977-12-15,1977,12,15,289
1977-12-16,1977,12,16,283
1977-12-17,1977,12,17,283
1977-12-18,1977,12,18,272
1977-12-19,1977,12,19,244
1977-12-20,1977,12,20,250
1977-12-21,1977,12,21,267
1977-12-22,1977,12,22,272
1977-12-23,1977,12,23,250
1977-12-24,1977,12,24,261
1977-12-25,1977,12,25,209
1977-12-26,1977,12,26,294
1977-12-27,1977,12,27,219
1977-12-28,1977,12,28,219
1977-12-29,1977,12,29,239
1977-12-30,1977,12,30,249
1977-12-31,1977,12,31,278
1978-01-01,1978,1,1,289
1978-01-02,1978,1,2,272
1978-01-03,1978,1,3,294
1978-01-04,1978,1,4,294
1978-01-05,1978,1,5,294
1978-01-06,1978,1,6,267
1978-01-07,1978,1,7,283
1978-01-08,1978,1,8,278
1978-01-09,1978,1,9,267
1978-01-10,1978,1,10,267
1978-01-11,1978,1,11,272
1978-01-12,1978,1,12,278
1978-01-13,1978,1,13,278
1978-01-14,1978,1,14,272
1978-01-15,1978,1,15,267
1978-01-16,1978,1,16,256
1978-01-17,1978,1,17,272
1978-01-18,1978,1,18,278
1978-01-19,1978,1,19,278
1978-01-20,1978,1,20,278
1978-01-21,1978,1,21,278
1978-01-22,1978,1,22,294
1978-01-23,1978,1,23,278
1978-01-24,1978,1,24,256
1978-01-25,1978,1,25,267
1978-01-26,1978,1,26,256
1978-01-27,1978,1,27,272
1978-01-28,1978,1,28,283
1978-01-29,1978,1,29,272
1978-01-30,1978,1,30,256
1978-01-31,1978,1,31,278
1978-02-01,1978,2,1,294
1978-02-02,1978,2,2,289
1978-02-03,1978,2,3,300
1978-02-04,1978,2,4,300
1978-02-05,1978,2,5,294
1978-02-06,1978,2,6,294
1978-02-07,1978,2,7,306
1978-02-08,1978,2,8,272
1978-02-09,1978,2,9,272
1978-02-10,1978,2,10,283
1978-02-11,1978,2,11,294
1978-02-12,1978,2,12,300
1978-02-13,1978,2,13,300
1978-02-14,1978,2,14,311
1978-02-15,1978,2,15,267
1978-02-16,1978,2,16,289
1978-02-17,1978,2,17,311
1978-02-18,1978,2,18,300
1978-02-19,1978,2,19,300
1978-02-20,1978,2,20,289
1978-02-21,1978,2,21,294
1978-02-22,1978,2,22,289
1978-02-23,1978,2,23,289
1978-02-24,1978,2,24,289
1978-02-25,1978,2,25,289
1978-02-26,1978,2,26,294
1978-02-27,1978,2,27,294
1978-02-28,1978,2,28,267
1978-03-01,1978,3,1,261
1978-03-02,1978,3,2,278
1978-03-03,1978,3,3,278
1978-03-04,1978,3,4,278
1978-03-05,1978,3,5,294
1978-03-06,1978,3,6,311
1978-03-07,1978,3,7,311
1978-03-08,1978,3,8,300
1978-03-09,1978,3,9,300
1978-03-10,1978,3,10,239
1978-03-11,1978,3,11,272
1978-03-12,1978,3,12,289
1978-03-13,1978,3,13,244
1978-03-14,1978,3,14,267
1978-03-15,1978,3,15,256
1978-03-16,1978,3,16,250
1978-03-17,1978,3,17,244
1978-03-18,1978,3,18,244
1978-03-19,1978,3,19,267
1978-03-20,1978,3,20,239
1978-03-21,1978,3,21,267
1978-03-22,1978,3,22,278
1978-03-23,1978,3,23,294
1978-03-24,1978,3,24,289
1978-03-25,1978,3,25,239
1978-03-26,1978,3,26,278
1978-03-27,1978,3,27,283
1978-03-28,1978,3,28,272
1978-03-29,1978,3,29,272
1978-03-30,1978,3,30,272
1978-03-31,1978,3,31,289
1978-04-01,1978,4,1,278
1978-04-02,1978,4,2,267
1978-04-03,1978,4,3,278
1978-04-04,1978,4,4,300
1978-04-05,1978,4,5,278
1978-04-06,1978,4,6,294
1978-04-07,1978,4,7,289
1978-04-08,1978,4,8,267
1978-04-09,1978,4,9,278
1978-04-10,1978,4,10,239
1978-04-11,1978,4,11,256
1978-04-12,1978,4,12,239
1978-04-13,1978,4,13,283
1978-04-14,1978,4,14,283
1978-04-15,1978,4,15,278
1978-04-16,1978,4,16,278
1978-04-17,1978,4,17,300
1978-04-18,1978,4,18,289
1978-04-19,1978,4,19,294
1978-04-20,1978,4,20,283
1978-04-21,1978,4,21,272
1978-04-22,1978,4,22,283
1978-04-23,1978,4,23,283
1978-04-24,1978,4,24,272
1978-04-25,1978,4,25,272
1978-04-26,1978,4,26,283
1978-04-27,1978,4,27,267
1978-04-28,1978,4,28,283
1978-04-29,1978,4,29,272
1978-04-30,1978,4,30,267
1978-05-01,1978,5,1,267
1978-05-02,1978,5,2,272
1978-05-03,1978,5,3,306
1978-05-04,1978,5,4,289
1978-05-05,1978,5,5,278
1978-05-06,1978,5,6,261
1978-05-07,1978,5,7,267
1978-05-08,1978,5,8,278
1978-05-09,1978,5,9,272
1978-05-10,1978,5,10,261
1978-05-11,1978,5,11,267
1978-05-12,1978,5,12,261
1978-05-13,1978,5,13,283
1978-05-14,1978,5,14,272
1978-05-15,1978,5,15,278
1978-05-16,1978,5,16,272
1978-05-17,1978,5,17,272
1978-05-18,1978,5,18,278
1978-05-19,1978,5,19,278
1978-05-20,1978,5,20,267
1978-05-21,1978,5,21,272
1978-05-22,1978,5,22,272
1978-05-23,1978,5,23,278
1978-05-24,1978,5,24,278
1978-05-25,1978,5,25,267
1978-05-26,1978,5,26,244
1978-05-27,1978,5,27,272
1978-05-28,1978,5,28,267
1978-05-29,1978,5,29,272
1978-05-30,1978,5,30,267
1978-05-31,1978,5,31,272
