"GHCN_ID","Start_yr","End_yr","Yr_count","HofX","HofY","HofXY","HXofY","s","t","P","C","M","CbyP","MbyP","Mutual","GC","C_freedom","GM","M_freedom","GP","P_freedom"
"AG000060680",1940,2014,75,0.602059991327962,0.68661556098516,0.819395288592694,0.217335297264732,10,4,0.782664702735268,0.31338443901484,0.469280263720428,0.400407017104029,0.599592982895971,0.469280263720428,969.581719205332,9,281.568158232257,27,1251.14987743759,36
"AQC00914397",1967,1978,12,0.602059991327962,0.517769415303466,1.0395298326662,0.437469841338235,10,4,0.562530158661765,0.482230584696534,0.080299573965231,0.857252855284666,0.142747144715334,0.0802995739652309,171.342305058296,9,7.70875910066218,27,179.051064158958,36
"AQC00914873",1955,1967,13,0.602059991327962,0.3225203104744,0.894861839160002,0.292801847832039,10,4,0.707198152167961,0.6774796895256,0.0297184626423609,0.957977177186822,0.0420228228131777,0.0297184626423609,205.926737382043,9,3.09072011480553,27,209.017457496849,36
"AR000087623",1951,2017,67,0.602059991327962,0.701935098004264,0.870008960959759,0.267948969631797,10,4,0.732051030368203,0.298064901995736,0.433986128372467,0.407164104182487,0.592835895817513,0.433986128372467,857.948397314523,9,232.616564807643,27,1090.56496212217,36
"AR000087715",1956,2017,62,0.602059991327962,0.703913507886946,0.873743935425531,0.271683944097568,10,4,0.728316055902432,0.296086492113054,0.432229563789378,0.406535719916517,0.593464280083483,0.432229563789378,792.941106213121,9,214.385863639532,27,1007.32696985265,36
"AR000087803",1957,2017,61,0.602059991327962,0.75656803792613,0.935944182315101,0.333884190987139,10,4,0.666115809012861,0.24343196207387,0.422683846938991,0.365449909430343,0.634550090569657,0.422683846938991,754.456322873143,9,206.269717306228,27,960.726040179371,36
"AR000087828",1956,2017,62,0.602059991327962,0.626075707451234,0.793980162813371,0.191920171485409,10,4,0.808079828514591,0.373924292548766,0.434155535965825,0.462731872958779,0.537268127041221,0.434155535965825,831.548655229235,9,215.341145839049,27,1046.88980106828,36
"AR000087860",1956,2017,62,0.602059991327962,0.766763527454741,0.907617493514162,0.305557502186199,10,4,0.694442497813801,0.233236472545259,0.461206025268542,0.335861461934601,0.664138538065399,0.461206025268542,761.767496507495,9,228.758188533197,27,990.525685040692,36
"AR000087925",1956,2017,62,0.602059991327962,0.725803962256133,0.911517240657151,0.309457249329188,10,4,0.690542750670812,0.274196037743867,0.416346712926944,0.397073226063855,0.602926773936145,0.416346712926944,782.083440846005,9,206.507969611764,27,988.591410457769,36
"AR000877500",1956,2017,62,0.602059991327962,0.645160941018729,0.805202391328433,0.203142400000471,10,4,0.796857599999529,0.354839058981271,0.442018541018258,0.445297954090519,0.554702045909481,0.442018541018258,822.082379379757,9,219.241196345056,27,1041.32357572481,36
"ASN00014103",1965,1979,15,0.602059991327962,0.453135590799141,0.78508217300248,0.183022181674517,10,4,0.816977818325483,0.546864409200859,0.270113409124623,0.669374855637744,0.330625144362256,0.270113409124624,221.933940263389,9,32.4136090949548,27,254.347549358343,36
"ASN00014142",1979,2017,39,0.602059991327962,0.6020269727493,0.851665573859897,0.249605582531935,10,4,0.750394417468065,0.3979730272507,0.352421390217365,0.530351796317351,0.469648203682649,0.352421390217365,530.574133516361,9,109.955473747818,27,640.529607264179,36
"BL000085114",1973,2017,45,0.602059991327962,0.536516842026192,0.799673918794631,0.197613927466669,10,4,0.802386072533331,0.463483157973808,0.338902914559523,0.577631110308878,0.422368889691122,0.338902914559523,635.784570348427,9,122.005049241428,27,757.789619589856,36
"BL000085141",1973,2017,45,0.602059991327962,0.649174507226186,1.02230356805714,0.420243576729178,10,4,0.579756423270822,0.350825492773814,0.228930930497007,0.605125667766743,0.394874332233257,0.228930930497007,595.22781087643,9,82.4151349789226,27,677.642945855352,36
"CA001054920",1897,2008,112,0.602059991327962,0.637341514918163,0.856832228621368,0.254772237293406,10,4,0.745227762706594,0.362658485081837,0.382569277624758,0.486641136079923,0.513358863920077,0.382569277624758,1492.05824595599,9,342.782072751783,27,1834.84031870777,36
"CA0010549BN",1971,1981,11,0.602059991327962,0.652296449412592,0.910031682207803,0.307971690879841,10,4,0.692028309120159,0.347703550587408,0.344324758532752,0.502441223870561,0.497558776129439,0.344324758532752,145.225400635168,9,30.3005787508821,27,175.52597938605,36
"CA001060840",1895,2002,108,0.602059991327962,0.755020314317524,0.906104632111061,0.304044640783099,10,4,0.695955359216901,0.244979685682476,0.450975673534426,0.352004884276098,0.647995115723902,0.450975673534426,1337.09596877651,9,389.642981933744,27,1726.73895071026,36
"CA001060841",1983,2017,35,0.602059991327962,0.655149665214403,0.829022123423842,0.226962132095879,10,4,0.773037867904121,0.344850334785597,0.428187533118524,0.446097596383685,0.553902403616315,0.428187533118524,461.2819197783,9,119.892509273187,27,581.174429051487,36
"CA001060842",1961,1985,25,0.602059991327962,0.722348212888237,0.855465030146709,0.253405038818746,10,4,0.746594961181254,0.277651787111763,0.468943174069491,0.37189078623363,0.62810921376637,0.468943174069491,316.047376021162,9,93.7886348138982,27,409.83601083506,36
"CA001067776",1933,2013,81,0.602059991327962,0.711033565701291,0.817163612437615,0.215103621109653,10,4,0.784896378890347,0.288966434298709,0.495929944591639,0.368158704856349,0.631841295143651,0.495929944591639,1031.3253896857,9,321.362604095382,27,1352.68799378109,36
"CA002300900",1930,1977,48,0.602059991327962,0.811407117539866,0.842932583898932,0.240872592570969,10,4,0.759127407429031,0.188592882460134,0.570534524968897,0.24843376831677,0.751566231683231,0.570534524968897,572.612342574405,9,219.085257588056,27,791.697600162461,36
"CA002300904",2004,2017,14,0.602059991327962,0.894537245532651,1.00861699673086,0.406557005402893,10,4,0.593442994597107,0.105462754467349,0.487980240129758,0.177713369990909,0.822286630009091,0.487980240129758,157.701358915676,9,54.6537868945329,27,212.355145810209,36
"CA002302680",1957,2000,44,0.602059991327962,0.830427455885137,0.873215623069683,0.27115563174172,10,4,0.72884436825828,0.169572544114863,0.559271824143417,0.232659469565623,0.767340530434377,0.559271824143417,518.199488262336,9,196.863682098483,27,715.063170360819,36
"CA006115099",1947,1996,50,0.602059991327962,0.825006316715242,0.905932718369097,0.303872727041134,10,4,0.696127272958866,0.174993683284758,0.521133589674107,0.251381737337992,0.748618262662008,0.521133589674107,591.031510511522,9,208.453435869643,27,799.484946381164,36
"CD000004700",1950,2017,68,0.602059991327962,0.64792915975201,0.796340530244173,0.194280538916211,10,4,0.805719461083789,0.35207084024799,0.4536486208358,0.436964548149814,0.563035451850186,0.4536486208358,900.132827683667,9,246.784849734675,27,1146.91767741834,36
"CD000004705",1952,1978,27,0.602059991327962,0.69283449074368,0.84737484400179,0.245314852673827,10,4,0.754685147326173,0.30716550925632,0.447519638069853,0.407011467423996,0.592988532576004,0.447519638069853,347.706130086079,9,96.6642418230882,27,444.370371909167,36
"CD000004709",1952,1978,27,0.602059991327962,0.636321244284876,0.837359031425382,0.235299040097419,10,4,0.764700959902581,0.363678755715124,0.401022204187456,0.475582972671376,0.524417027328624,0.401022204187457,359.912991321181,9,86.6207961044906,27,446.533787425671,36
"CD000004753",1950,1977,28,0.602059991327962,0.786948733547992,0.971331199840558,0.369271208512595,10,4,0.630728791487405,0.213051266452008,0.417677525035396,0.337785858720012,0.662214141279988,0.417677525035396,339.502544515916,9,93.5597656079287,27,433.062310123845,36
"CD000064706",1950,2017,68,0.602059991327962,0.702598665074783,0.842718368253498,0.240658376925536,10,4,0.759341623074464,0.297401334925217,0.461940288149248,0.391656832561189,0.608343167438811,0.461940288149248,870.392616788079,9,251.295516753191,27,1121.68813354127,36
"CHM00059417",1953,2017,65,0.602059991327962,0.611703344108288,0.765781641113355,0.163721649785392,10,4,0.836278350214608,0.388296655891712,0.447981694322895,0.464315088142682,0.535684911857318,0.447981694322895,879.258509420594,9,232.950481047905,27,1112.2089904685,36
"CHM00059632",1952,2017,66,0.602059991327962,0.663286671421059,0.81264376830383,0.210583776975868,10,4,0.789416223024132,0.336713328578941,0.452702894445192,0.42653459449952,0.573465405500481,0.452702894445192,865.549566590537,9,239.027128267061,27,1104.5766948576,36
"CHM00059838",1952,2017,66,0.602059991327962,0.788467073410929,0.969133445372631,0.367073454044669,10,4,0.632926545955331,0.211532926589071,0.42139361936626,0.334214022054939,0.665785977945061,0.42139361936626,799.454314339886,9,222.495831025385,27,1021.95014536527,36
"CI000085406",1957,2017,61,0.602059991327962,0.634333440667159,1.00671711973389,0.404657128405929,10,4,0.595342871594071,0.365666559332841,0.22967631226123,0.614211703507499,0.3857882964925,0.22967631226123,814.106806335521,9,112.08204038348,27,926.188846719001,36
"CI000085743",1963,2014,52,0.602059991327962,0.653738301696328,0.917333303199714,0.315273311871752,10,4,0.684726688128248,0.346261698303672,0.338464989824576,0.505693299687507,0.494306700312493,0.338464989824576,685.920265179851,9,140.801435767024,27,826.721700946874,36
"CI000085799",1963,2017,55,0.602059991327962,0.638328726298763,0.865202909622695,0.263142918294732,10,4,0.736857081705268,0.361671273701237,0.375185808004031,0.490829609541434,0.509170390458566,0.375185808004031,732.272801345924,9,165.081755521774,27,897.354556867698,36
"CI000085874",1973,2017,45,0.602059991327962,0.704099199595167,0.907809873265595,0.305749881937632,10,4,0.694250118062368,0.295900800404833,0.398349317657535,0.426216420719788,0.573783579280212,0.398349317657535,575.454921623596,9,143.405754356713,27,718.860675980309,36
"CI000085934",1963,2017,55,0.602059991327962,0.670845377552902,0.871881792849671,0.269821801521708,10,4,0.730178198478292,0.329154622447098,0.401023576031194,0.450786702661163,0.549213297338837,0.401023576031194,717.965474794103,9,176.450373453725,27,894.415848247829,36
"CO000080001",1965,2017,53,0.602059991327962,0.555536680365062,1.0873610721369,0.485301080808935,10,4,0.514698919191065,0.444463319634938,0.0702355995561263,0.863540417635783,0.136459582364217,0.0702355995561263,740.748526954689,9,29.7798942117976,27,770.528421166487,36
"CO000080342",1961,2017,57,0.602059991327962,0.454936734066928,1.03633944090196,0.434279449573998,10,4,0.565720550426002,0.545063265933072,0.0206572844929303,0.963485002485105,0.0365149975148946,0.0206572844929303,842.527651670766,9,9.41972172877619,27,851.947373399542,36
"CUW00011706",1945,2017,73,0.602059991327962,0.542605341903203,0.838431934648255,0.236371943320293,10,4,0.763628056679707,0.457394658096797,0.30623339858291,0.598975710878896,0.401024289121104,0.30623339858291,1027.82817463705,9,178.840304772419,27,1206.66847940947,36
"EG000062306",1920,2017,98,0.602059991327962,0.724788451737019,0.826394482710047,0.224334491382084,10,4,0.775665508617916,0.275211548262981,0.500453960354934,0.354806995032375,0.645193004967625,0.500453960354934,1236.99256674551,9,392.355904918268,27,1629.34847166378,36
"EG000062414",1957,2017,61,0.602059991327962,0.744774099383309,0.888889971209838,0.286829979881876,10,4,0.713170020118124,0.255225900616691,0.457944119501433,0.357875251927188,0.642124748072812,0.457944119501433,760.21176488204,9,223.476730316699,27,983.688495198739,36
"EG000062432",1957,2017,61,0.602059991327962,0.747858144384307,0.857399389474414,0.255339398146452,10,4,0.744660601853548,0.252141855615693,0.492518746237855,0.338599698960952,0.661400301039048,0.492518746237855,758.706750921552,9,240.349148164073,27,999.055899085626,36
"EG000062463",1990,2017,28,0.602059991327962,0.789078866841901,0.88915564524799,0.287095653920028,10,4,0.712904346079972,0.210921133158099,0.501983212921874,0.295861758057564,0.704138241942436,0.501983212921874,339.02539465808,9,112.4442396945,27,451.46963435258,36
"EGE00147724",1919,1957,39,0.602059991327962,0.724234971087785,0.801565722882606,0.199505731554644,10,4,0.800494268445356,0.275765028912215,0.524729239533141,0.34449344584038,0.65550655415962,0.524729239533141,492.445238034753,9,163.71552273434,27,656.160760769094,36
"EGE00147728",1909,1957,49,0.602059991327962,0.752004376892671,0.817609791444508,0.215549800116546,10,4,0.784450199883454,0.247995623107329,0.536454576776125,0.316139409670842,0.683860590329158,0.536454576776125,607.827640711739,9,210.290194096241,27,818.11783480798,36
"EGE00147729",1924,1957,34,0.602059991327962,0.729328984586252,0.758947573690148,0.156887582362186,10,4,0.843112417637814,0.270671015413748,0.572441402224066,0.321037870812174,0.678962129187826,0.572441402224066,427.92566148692,9,155.704061404946,27,583.629722891866,36
"EI000003953",1929,2017,89,0.602059991327962,0.737361410862604,0.921769594611669,0.319709603283707,10,4,0.680290396716293,0.262638589137396,0.417651807578897,0.386068347289821,0.613931652710179,0.417651807578897,1114.43926167759,9,297.368086996175,27,1411.80734867376,36
"EI000003965",1954,2009,56,0.602059991327962,0.628305234136032,0.851780788350693,0.249720797022731,10,4,0.750279202977269,0.371694765863968,0.378584437113301,0.49540859507901,0.50459140492099,0.378584437113301,750.07737676839,9,169.605827826759,27,919.683204595149,36
"EIE00101859",1861,2002,142,0.602059991327962,0.640577597195251,0.922113877006472,0.32005388567851,10,4,0.67994611432149,0.359422402804749,0.320523711516741,0.528604245592921,0.471395754407079,0.320523711516741,1888.04051522743,9,364.114936283017,27,2252.15545151045,36
"EIE00107762",1961,2017,57,0.602059991327962,0.776999893877338,0.944558532817877,0.342498541489915,10,4,0.657501458510085,0.223000106122662,0.434501352387423,0.339162907148504,0.660837092851496,0.434501352387423,695.666850797219,9,198.132616688665,27,893.799467485884,36
"ER000063043",1947,1987,41,0.602059991327962,0.671970038115325,0.996915007796623,0.394855016468661,10,4,0.605144983531339,0.328029961884675,0.277115021646664,0.542068381647069,0.457931618352931,0.277115021646664,534.841738000221,9,90.8937271001059,27,625.735465100327,36
"ET000063330",1963,1985,23,0.602059991327962,0.619323307736131,1.03198262520184,0.429922633873873,10,4,0.570077366126127,0.380676692263869,0.189400673862258,0.667763210545788,0.332236789454212,0.189400673862258,309.720168487456,9,34.8497239906554,27,344.569892478112,36
"ET000063331",1952,2017,66,0.602059991327962,0.523926042952372,0.874788229353883,0.27272823802592,10,4,0.72727176197408,0.476073957047628,0.251197804926451,0.654602559785067,0.345397440214933,0.251197804926451,939.131978422004,9,132.632441001166,27,1071.76441942317,36
"ET000063332",1961,1987,27,0.602059991327962,0.728769873510429,1.11032790101341,0.508267909685451,10,4,0.491732090314549,0.271230126489571,0.220501963824978,0.551581098390531,0.448418901609469,0.220501963824978,339.944087408461,9,47.6284241861953,27,387.572511594656,36
"ET000063334",1953,1987,35,0.602059991327962,0.499053984078432,0.937835042616592,0.33577505128863,10,4,0.66422494871137,0.500946015921568,0.163278932789802,0.754181270808073,0.245818729191927,0.163278932789802,504.988710496372,9,45.7181011811446,27,550.706811677516,36
"ET000063340",1970,1987,18,0.602059991327962,0.39105568916693,0.94077048572663,0.338710494398667,10,4,0.661289505601333,0.60894431083307,0.0523451947682632,0.920843754021676,0.0791562459783237,0.0523451947682632,275.260234151105,9,7.53770804662989,27,282.797942197735,36
"ET000063402",1952,2017,66,0.602059991327962,0.556327247498046,0.882792452310423,0.280732460982461,10,4,0.719267539017539,0.443672752501954,0.275594786515585,0.616839671519134,0.383160328480866,0.275594786515585,922.024142421888,9,145.514047280229,27,1067.53818970212,36
"ET000063403",1952,2017,66,0.602059991327962,0.329304072926025,0.858469019288259,0.256409027960296,10,4,0.743590972039704,0.670695927073975,0.0728950449657283,0.901968894584917,0.0980311054150831,0.0728950449657284,1041.89237859592,9,38.4885837419045,27,1080.38096233782,36
"ET000063460",1972,1988,17,0.602059991327962,0.556983500571987,0.913616271502662,0.311556280174699,10,4,0.688443719825301,0.443016499428013,0.245427220397288,0.643504307861844,0.356495692138157,0.245427220397288,237.4018165694,9,33.3781019740311,27,270.779918543431,36
"ET000063471",1952,2017,66,0.602059991327962,0.553245047180133,0.930281193761122,0.328221202433159,10,4,0.671778797566841,0.446754952819867,0.225023844746974,0.665032826933505,0.334967173066495,0.225023844746974,923.651544189746,9,118.812590026402,27,1042.46413421615,36
"ET000063473",1952,1985,34,0.602059991327962,0.741020074271826,0.995539673474815,0.393479682146853,10,4,0.606520317853147,0.258979925728174,0.347540392124973,0.426992992823168,0.573007007176833,0.347540392124973,424.745685092444,9,94.5309866579926,27,519.276671750436,36
"ET000063478",1966,1985,20,0.602059991327962,0.530679964724014,0.961983110964717,0.359923119636754,10,4,0.640076880363246,0.469320035275986,0.170756845087259,0.733224476112378,0.266775523887622,0.170756845087259,283.504820523205,9,27.3210952139615,27,310.825915737167,36
"ET000063533",1952,2003,52,0.602059991327962,0.426445830360847,0.904572604048707,0.302512612720745,10,4,0.697487387279255,0.573554169639153,0.123933217640102,0.822314754502532,0.177685245497468,0.123933217640102,780.473933255411,9,51.5562185382824,27,832.030151793693,36
"FG000081405",1950,2017,68,0.602059991327962,0.480407853596634,0.940751586034417,0.338691594706455,10,4,0.661308405293545,0.519592146403365,0.141716258890179,0.785703224462611,0.214296775537389,0.14171625889018,991.264418232192,9,77.0936448362576,27,1068.35806306845,36
"FMC00914761",1986,2005,20,0.602059991327962,0.40251200501018,0.975918880696415,0.373858889368453,10,4,0.626141110631547,0.59748799498982,0.0286531156417271,0.954238565148954,0.045761434851046,0.0286531156417272,304.011694077418,9,4.58449850267634,27,308.596192580095,36
"FMW00040308",1951,2017,67,0.602059991327962,0.598903425660394,1.18445480670193,0.582394815373971,10,4,0.417605184626029,0.401096574339606,0.0165086102864236,0.960468378041792,0.0395316219582074,0.0165086102864237,913.173373690837,9,8.84861511352304,27,922.02198880436,36
"FMW00040505",1951,2017,67,0.602059991327962,0.472925037517413,1.02941072362286,0.427350732294895,10,4,0.572649267705105,0.527074962482587,0.0455743052225182,0.920414976858073,0.0795850231419267,0.0455743052225182,980.697789735475,9,24.4278275992697,27,1005.12561733474,36
"IR000040706",1951,2017,67,0.602059991327962,0.642627028526063,0.781554902107718,0.179494910779756,10,4,0.820505089220244,0.357372971473937,0.463132117746308,0.435552412982058,0.564447587017942,0.463132117746308,889.737522554839,9,248.238815112021,27,1137.97633766686,36
"IR000040841",1951,2017,67,0.602059991327962,0.832612646698746,0.95071906945644,0.348659078128478,10,4,0.651340921871522,0.167387353301254,0.483953568570268,0.256988848206089,0.743011151793911,0.483953568570268,787.905231214281,9,259.399112753664,27,1047.30434396794,36
"IR000040848",1951,2017,67,0.602059991327962,0.726145093844314,0.883064472404981,0.281004481077019,10,4,0.718995518922981,0.273854906155686,0.445140612767295,0.380885414370742,0.619114585629258,0.445140612767295,844.971839544256,9,238.59536844327,27,1083.56720798753,36
"IR000407660",1951,2017,67,0.602059991327962,0.808715973420274,0.945790154505353,0.34373016317739,10,4,0.65626983682261,0.191284026579726,0.464985810242884,0.29147161098527,0.70852838901473,0.464985810242884,800.713848091542,9,249.232394290186,27,1049.94624238173,36
"IR000408570",1996,2017,22,0.602059991327962,0.750625180796062,0.920963504009461,0.318903512681499,10,4,0.681096487318501,0.249374819203938,0.431721668114563,0.36613728575482,0.63386271424518,0.431721668114563,273.144944546845,9,75.9830135881631,27,349.127958135008,36
"IS000004640",1939,2017,79,0.602059991327962,0.317777007334489,0.709467289754491,0.107407298426528,10,4,0.892592701573472,0.682222992665511,0.210369708907961,0.764316122530333,0.235683877469667,0.210369708907961,1254.39871013684,9,132.953656029831,27,1387.35236616667,36
"IS000006771",1950,2016,67,0.602059991327962,0.728288957556324,0.841887914101405,0.239827922773442,10,4,0.760172077226558,0.271711042443676,0.488461034782882,0.357433600343487,0.642566399656513,0.488461034782882,843.822728594619,9,261.815114643625,27,1105.63784323824,36
"IS000051690",1951,2005,55,0.602059991327962,0.739610889829945,0.860472607998707,0.258412616670744,10,4,0.741587383329256,0.260389110170055,0.481198273159201,0.35112397543911,0.64887602456089,0.481198273159201,687.708649392205,9,211.727240190048,27,899.435889582253,36
"ISE00100485",1967,1977,11,0.602059991327962,0.794498128752918,0.876420489591452,0.274360498263489,10,4,0.725639501736511,0.205501871247082,0.520137630489429,0.283201053354042,0.716798946645958,0.520137630489429,132.711652853219,9,45.7721114830697,27,178.483764336289,36
"JA000047413",1951,2017,67,0.602059991327962,0.749944003698882,0.76634210369659,0.164282112368628,10,4,0.835717887631372,0.250055996301118,0.585661891330254,0.299211013670938,0.700788986329062,0.585661891330254,832.215623862208,9,313.914773753016,27,1146.13039761522,36
"JA000047424",1951,2017,67,0.602059991327962,0.727363469649993,0.744054353783688,0.141994362455726,10,4,0.858005637544274,0.272636530350007,0.585369107194267,0.317756106044161,0.682243893955839,0.585369107194267,844.318790112412,9,313.757841456127,27,1158.07663156854,36
"JA000047426",1951,2017,67,0.602059991327962,0.827419149797586,0.840482737309572,0.23842274598161,10,4,0.76157725401839,0.172580850202414,0.588996403815977,0.226609775031761,0.773390224968239,0.588996403815977,790.688945553302,9,315.702072445364,27,1106.39101799867,36
"JA000047756",1951,2017,67,0.602059991327962,0.746146159389076,0.80215281431179,0.200092822983827,10,4,0.799907177016173,0.253853840610924,0.546053336405248,0.317354122959434,0.682645877040566,0.546053336405248,834.251268412264,9,292.684588313213,27,1126.93585672548,36
"JA000047768",1951,2017,67,0.602059991327962,0.74032838820179,0.768276473027078,0.166216481699115,10,4,0.833783518300885,0.25967161179821,0.574111906502675,0.311437688678925,0.688562311321075,0.574111906502675,837.369593768649,9,307.723981885434,27,1145.09357565408,36
"JA000047890",1951,2017,67,0.602059991327962,0.777289764222034,0.792820382215958,0.190760390887995,10,4,0.809239609112005,0.222710235777966,0.586529373334039,0.275209262213883,0.724790737786117,0.586529373334039,817.558296221798,9,314.379744107045,27,1131.93804032884,36
"JA000047891",1951,2017,67,0.602059991327962,0.744085754367007,0.77721904540161,0.175159054073648,10,4,0.824840945926352,0.255914245632993,0.568926700293359,0.310258901303189,0.689741098696811,0.568926700293359,835.355645504093,9,304.94471135724,27,1140.30035686133,36
"KS000047112",1949,2017,69,0.602059991327962,0.7026420102929,0.798419000794696,0.196359009466733,10,4,0.803640990533267,0.2973579897071,0.506283000826167,0.370013467717449,0.62998653228255,0.506283000826167,883.168581651032,9,279.468216456044,27,1162.63679810708,36
"KSW00043201",1949,1960,12,0.602059991327962,0.713483008120319,0.837805135308029,0.235745143980067,10,4,0.764254856019933,0.286516991879681,0.477737864140252,0.374897182036627,0.625102817963373,0.477737864140252,152.553800147878,9,45.8628349574642,27,198.416635105342,36
"KT000096995",1972,2014,43,0.602059991327962,0.327552518545267,0.79088181116095,0.188821819832988,10,4,0.811178180167012,0.672447481454733,0.13873069871228,0.828976293859733,0.171023706140267,0.13873069871228,679.41120561038,9,47.7233603570242,27,727.134565967404,36
"KU000405820",1958,2017,60,0.602059991327962,0.715880333744121,0.856025316306747,0.253965324978784,10,4,0.746034675021216,0.284119666255879,0.461915008765336,0.380839759556484,0.619160240443516,0.461915008765336,761.618284439964,9,221.719204207361,27,983.337488647325,36
"KZ000035925",1946,2017,72,0.602059991327962,0.701802508911761,0.864340814060097,0.262280822732134,10,4,0.737719177267866,0.298197491088239,0.439521686179627,0.404215452541996,0.595784547458004,0.439521686179627,922.050768431396,9,253.164491239465,27,1175.21525967086,36
"LY000062271",1956,2016,61,0.602059991327962,0.705853892793468,0.851299406418654,0.249239415090692,10,4,0.750760584909308,0.294146107206532,0.456614477702776,0.39179748260501,0.60820251739499,0.456614477702776,779.204825697882,9,222.827865118955,27,1002.03269081684,36
"MG000044218",1959,2017,59,0.602059991327962,0.70216675525236,0.854658211173682,0.25259821984572,10,4,0.74740178015428,0.29783324474764,0.44956853540664,0.398491484307356,0.601508515692644,0.449568535406641,755.397455414075,9,212.196348711934,27,967.59380412601,36
"MG000044231",1956,2017,62,0.602059991327962,0.640551339006496,0.800980656773056,0.198920665445094,10,4,0.801079334554906,0.359448660993504,0.441630673561402,0.448705447124311,0.55129455287569,0.441630673561402,824.368741977825,9,219.048814086455,27,1043.41755606428,36
"MG000044272",1956,2017,62,0.602059991327962,0.66053827419573,0.82403832933241,0.221978338004448,10,4,0.778021661995552,0.33946172580427,0.438559936191282,0.436313977342974,0.563686022657026,0.438559936191282,814.455222123965,9,217.525728350876,27,1031.98095047484,36
"ML000061223",1957,2012,56,0.602059991327962,0.742401113943858,0.9630295670101,0.360969575682138,10,4,0.639030424317862,0.257598886056142,0.38143153826172,0.403108954211558,0.596891045788442,0.38143153826172,698.962422614484,9,170.881329141251,27,869.843751755735,36
"MOE00147755",1910,2017,108,0.602059991327962,0.711536217706046,0.811996486555374,0.209936495227412,10,4,0.790063504772588,0.288463782293954,0.501599722478634,0.365114678189047,0.634885321810953,0.501599722478634,1374.66622824883,9,433.38216022154,27,1808.04838847037,36
"MX000020014",1948,1984,37,0.602059991327962,0.623508122454864,0.928188130212186,0.326128138884224,10,4,0.673871861115776,0.376491877545136,0.29737998357064,0.558699508422495,0.441300491577505,0.29737998357064,497.006783279598,9,88.0244751369095,27,585.031258416507,36
"MX000020152",1957,1984,28,0.602059991327962,0.546453588962994,0.774192208863838,0.172132217535875,10,4,0.827867782464125,0.453546411037006,0.374321371427118,0.547848848142198,0.452151151857802,0.374321371427118,393.373456902956,9,83.8479871996745,27,477.22144410263,36
"MX000030033",1952,1998,47,0.602059991327962,0.602802901230169,0.923520682181409,0.321460690853446,10,4,0.678539309146554,0.397197098769831,0.281342210376723,0.585370800800639,0.414629199199361,0.281342210376723,639.118104103218,9,105.784671101648,27,744.902775204865,36
"MY000096413",1955,2017,63,0.602059991327962,0.355605994477183,0.922308436199176,0.320248444871214,10,4,0.679751555128786,0.644394005522817,0.0353575496059698,0.947984599168337,0.0520154008316626,0.0353575496059699,981.277465652499,9,17.8202050014088,27,999.097670653907,36
"MY000096441",1955,2017,63,0.602059991327962,0.325692294205178,0.90642014689845,0.304360155570487,10,4,0.695639844429513,0.674307705794822,0.0213321386346907,0.969334507208705,0.0306654927912949,0.0213321386346907,996.353970589589,9,10.7513978718841,27,1007.10536846147,36
"MY000096465",1955,2017,63,0.602059991327962,0.334937702698312,0.893902250836184,0.291842259508222,10,4,0.708157740491778,0.665062297301688,0.0430954431900903,0.939144288446014,0.0608557115539863,0.0430954431900903,991.69428470905,9,21.7201033678055,27,1013.41438807686,36
"MY000096491",1955,2017,63,0.602059991327962,0.49491914308623,1.07786027371432,0.47580028238636,10,4,0.52419971761364,0.50508085691377,0.0191188606998705,0.963527525755056,0.0364724742449441,0.0191188606998704,911.063638753539,9,9.63590579273471,27,920.699544546274,36
"NG000001024",1945,1980,36,0.602059991327962,0.687589712283671,0.917131719856216,0.315071728528253,10,4,0.684928271471747,0.312410287716329,0.372517983755417,0.456121174623197,0.543878825376803,0.372517983755417,465.118669644588,9,107.28517932156,27,572.403848966148,36
"NG000001043",1939,1980,42,0.602059991327962,0.714436842805837,0.946284373107684,0.344224381779721,10,4,0.655775618220279,0.285563157194163,0.370212461026116,0.435458637466819,0.564541362533182,0.370212461026116,533.617812063238,9,124.391386904775,27,658.009198968013,36
"NG000001075",1938,2017,80,0.602059991327962,0.735063038437331,0.963861806205324,0.361801814877362,10,4,0.638198185122638,0.264936961562669,0.373261223559969,0.415132740485243,0.584867259514757,0.373261223559969,1003.2141149163,9,238.88718307838,27,1242.10129799468,36
"NG000001080",1945,2017,73,0.602059991327962,0.785864506215659,1.0028113251189,0.400751333790942,10,4,0.599248666209058,0.214135493784341,0.385113172424717,0.357339958950591,0.642660041049409,0.385113172424717,885.764822678578,9,224.906092696035,27,1110.67091537461,36
"NG000001090",1906,2017,112,0.602059991327962,0.749496652126615,1.02284834435064,0.420788353022676,10,4,0.579211646977324,0.250503347873385,0.328708299103939,0.432490177261909,0.567509822738091,0.328708299103939,1391.56724301722,9,294.522635997129,27,1686.08987901435,36
"NG000061017",1938,2017,80,0.602059991327962,0.731662697497233,0.899877888295494,0.297817896967532,10,4,0.702182103032468,0.268337302502767,0.433844800529701,0.382147738234735,0.617852261765265,0.433844800529701,1005.39033311796,9,277.660672339009,27,1283.05100545697,36
"NG000061024",1957,2017,61,0.602059991327962,0.724515937392314,0.949267352523714,0.347207361195751,10,4,0.652792638804249,0.275484062607686,0.377308576196563,0.422008531089296,0.577991468910704,0.377308576196563,770.097747933645,9,184.126585183923,27,954.224333117568,36
"NG000061043",1961,2017,57,0.602059991327962,0.700097820741157,0.881573244105228,0.279513252777265,10,4,0.720486747222735,0.299902179258843,0.420584567963892,0.416249404190817,0.583750595809183,0.420584567963892,730.734196147317,9,191.786562991535,27,922.520759138852,36
"NH000091554",1976,2017,42,0.602059991327962,0.324995143743169,0.793131941404331,0.191071950076369,10,4,0.808928049923631,0.675004856256831,0.1339231936668,0.834443627366559,0.165556372633441,0.1339231936668,664.470222948295,9,44.9981930720447,27,709.468416020339,36
"NZ000093012",1966,2005,40,0.602059991327962,0.719066868547825,0.927687862839127,0.325627871511164,10,4,0.674372128488836,0.280933131452175,0.393438997036661,0.416584730572574,0.583415269427426,0.393438997036661,506.725831822791,9,125.900479051731,27,632.626310874522,36
"NZ000093292",1962,2017,56,0.602059991327962,0.727550571266289,0.899537319577389,0.297477328249426,10,4,0.702522671750574,0.272449428733711,0.430073243016863,0.387815852340837,0.612184147659163,0.430073243016863,705.615465734035,9,192.672812871555,27,898.28827860559,36
"NZ000093417",1972,2017,46,0.602059991327962,0.712240127433121,0.917289920922228,0.315229929594266,10,4,0.684770070405734,0.287759872566879,0.397010197838855,0.420228460622377,0.579771539377623,0.397010197838855,585.24694732642,9,146.099752804699,27,731.346700131119,36
"NZ000933090",1944,2017,74,0.602059991327962,0.712951061526929,0.914450396104143,0.312390404776181,10,4,0.687609595223819,0.287048938473071,0.400560656750748,0.417459181004645,0.582540818995355,0.400560656750748,941.063346628533,9,237.131908796443,27,1178.19525542498,36
"PA000086134",1973,2017,45,0.602059991327962,0.723553063435603,0.912344537738996,0.310284546411034,10,4,0.689715453588966,0.276446936564397,0.413268517024569,0.400813023872226,0.599186976127774,0.413268517024569,568.45153064104,9,148.776666128845,27,717.228196769884,36
"PE000084752",1948,2017,70,0.602059991327962,0.406416939760809,0.85073526699645,0.248675275668488,10,4,0.751324724331512,0.593583060239191,0.157741664092321,0.790048618148869,0.209951381851131,0.157741664092321,1061.85416581061,9,88.3353318916999,27,1150.18949770231,36
"PP000092014",1951,2003,53,0.602059991327962,0.27542843035887,0.868836161063298,0.266776169735336,10,4,0.733223830264664,0.72457156964113,0.00865226062353375,0.988199700737481,0.0118002992625194,0.00865226062353375,859.514424957315,9,3.66855850437831,27,863.182983461693,36
"PP000092035",1970,2003,34,0.602059991327962,0.483215751842023,1.00117384535519,0.399113854027232,10,4,0.600886145972768,0.516784248157977,0.0841018978147903,0.86003688322912,0.13996311677088,0.0841018978147904,494.86846079335,9,22.875716205623,27,517.744176998973,36
"PP000092044",1968,2003,36,0.602059991327962,0.24174867859424,0.829548016567898,0.227488025239936,10,4,0.772511974760064,0.75825132140576,0.0142606533543047,0.981539893464132,0.0184601065358682,0.0142606533543047,593.520887347144,9,4.10706816603976,27,597.627955513184,36
"RP000098232",1951,2017,67,0.602059991327962,0.423135669519187,0.788080216785857,0.186020225457895,10,4,0.813979774542105,0.576864330480813,0.237115444061292,0.708696147647306,0.291303852352693,0.237115444061292,1007.38489098252,9,127.093878016853,27,1134.47876899938,36
"RP000098836",1951,2017,67,0.602059991327962,0.384481352806968,0.945134355773809,0.343074364445846,10,4,0.656925635554154,0.615518647193032,0.0414069883611216,0.936968530195671,0.0630314698043294,0.0414069883611216,1028.10360474027,9,22.1941457615612,27,1050.29775050184,36
"RP000098851",1951,2017,67,0.602059991327962,0.402095460369192,0.978413167673076,0.376353176345113,10,4,0.623646823654887,0.597904539630808,0.0257422840240784,0.958722977416584,0.041277022583416,0.0257422840240783,1018.66244308692,9,13.797864236906,27,1032.46030732383,36
"RP000982230",1951,2017,67,0.602059991327962,0.462556514927119,0.762832715156508,0.160772723828546,10,4,0.839227276171454,0.537443485072881,0.301783791098573,0.640402785196273,0.359597214803727,0.301783791098573,986.255317843873,9,161.756112028835,27,1148.01142987271,36
"RPC00914100",1953,1991,39,0.602059991327962,0.599700859588641,0.991894063900534,0.389834072572572,10,4,0.610165927427428,0.400299140411359,0.209866787016068,0.656049645543294,0.343950354456706,0.209866787016068,531.299880822486,9,65.4784375490133,27,596.7783183715,36
"RPW00041207",1949,1967,19,0.602059991327962,0.562217216229449,0.919123737875651,0.317063746547689,10,4,0.682936253452311,0.437782783770551,0.24515346968176,0.641030230211846,0.358969769788154,0.24515346968176,264.535917268219,9,37.2633273916276,27,301.799244659846,36
"RSM00022292",1923,2017,95,0.602059991327962,0.917437447626244,1.02961687781071,0.427556886482747,10,4,0.572443113517253,0.0825625523737556,0.489880561143497,0.144228396541392,0.855771603458607,0.489880561143497,1052.71221047953,9,372.309226469058,27,1425.02143694859,36
"RSM00023032",1914,2017,104,0.602059991327962,0.943184639574205,1.04098949152372,0.438929500195755,10,4,0.561070499804245,0.0568153604257953,0.50425513937845,0.101262426817339,0.898737573182661,0.50425513937845,1131.02117724531,9,419.540275962871,27,1550.56145320818,36
"RSM00023058",1959,2017,59,0.602059991327962,0.901651404151167,0.995733203444517,0.393673212116555,10,4,0.606326787883445,0.098348595848833,0.507978192034612,0.162203943177485,0.837796056822516,0.507978192034612,661.240701133839,9,239.765706640337,27,901.006407774176,36
"RSM00023114",1959,2013,55,0.602059991327962,0.937601335696932,1.04221645927039,0.440156467942423,10,4,0.559843532057577,0.0623986643030676,0.497444867754509,0.111457328217646,0.888542671782354,0.497444867754509,600.59285321073,9,218.875741811984,27,819.468595022714,36
"RSM00023146",1950,1994,45,0.602059991327962,0.896075116671871,0.958593679342602,0.35653368801464,10,4,0.64346631198536,0.103924883328129,0.539541428657231,0.161507885327326,0.838492114672674,0.539541428657232,506.343591475983,9,194.234914316603,27,700.578505792586,36
"RSM00023205",1926,2017,92,0.602059991327962,0.833599383415565,0.974488277133889,0.372428285805927,10,4,0.627571714194073,0.166400616584435,0.461171097609639,0.26514996265905,0.73485003734095,0.461171097609638,1081.17348224976,9,339.421927840694,27,1420.59541009046,36
"RSM00023242",1935,2017,83,0.602059991327962,0.901565426264902,0.991998244015743,0.389938252687781,10,4,0.610061747312219,0.0984345737350985,0.511627173577121,0.161351820809577,0.838648179190423,0.511627173577121,930.277058708152,9,339.720443255208,27,1269.99750196336,36
"RSM00025173",1936,2013,78,0.602059991327962,0.848420893734361,0.870751256207439,0.268691264879477,10,4,0.731308735120523,0.151579106265639,0.579729628854884,0.207271018362249,0.792728981637751,0.579729628854884,907.398460338044,9,361.751288405447,27,1269.14974874349,36
"RSM00025282",1959,2017,59,0.602059991327962,0.833804937481271,0.902406010710847,0.300346019382884,10,4,0.699653980617116,0.166195062518729,0.533458918098387,0.237538936564243,0.762461063435757,0.533458918098387,693.26423340203,9,251.792609342439,27,945.056842744468,36
"RSM00025372",1955,1995,41,0.602059991327962,0.81578647232335,0.89852292831419,0.296462936986228,10,4,0.703537063013772,0.18421352767665,0.519323535337123,0.261839123140899,0.738160876859101,0.519323535337123,487.669947579988,9,170.338119590576,27,658.008067170564,36
"RSM00025378",1950,2017,68,0.602059991327962,0.893252202195042,0.951024345412849,0.348964354084886,10,4,0.651035645915114,0.106747797804958,0.544287848110155,0.163966133766624,0.836033866233375,0.544287848110156,766.677092594658,9,296.092589371925,27,1062.76968196658,36
"RSM00027947",1936,2013,78,0.602059991327962,0.76482849814737,0.915968582601783,0.313908591273821,10,4,0.686091408726179,0.23517150185263,0.450919906873549,0.342769926662189,0.657230073337811,0.450919906873549,959.560115184326,9,281.374021889095,27,1240.93413707342,36
"RSM00031369",1881,2017,137,0.602059991327962,0.700898168245666,0.769396523115167,0.167336531787204,10,4,0.832663468212796,0.299101831754334,0.533561636458462,0.35921094556522,0.64078905443478,0.533561636458462,1755.44886952422,9,584.783553558474,27,2340.2324230827,36
"RSM00031436",1936,2013,78,0.602059991327962,0.772331207271118,0.815917522259894,0.213857530931932,10,4,0.786142469068068,0.227668792728882,0.558473676339186,0.289602459715441,0.710397540284559,0.558473676339186,954.878424691107,9,348.487574035652,27,1303.36599872676,36
"RSM00032014",1936,2013,78,0.602059991327962,0.897317299660059,0.897317299660059,0.295257308332096,10,4,0.704742691667904,0.102682700339941,0.602059991327963,0.145702398270954,0.854297601729046,0.602059991327962,876.887103040408,9,375.685434588649,27,1252.57253762906,36
"RSM00032027",1936,2017,82,0.602059991327962,0.839926444087752,0.857021666368863,0.2549616750409,10,4,0.7450383249591,0.160073555912248,0.584964769046852,0.214852780789546,0.785147219210454,0.584964769046852,959.504073682529,9,383.736888494735,27,1343.24096217726,36
"RSM00036307",1949,2017,69,0.602059991327962,0.725342791765459,0.862415335187217,0.260355343859255,10,4,0.739644656140745,0.274657208234541,0.464987447906205,0.371336703313215,0.628663296686785,0.464987447906205,870.63775027818,9,256.673071244225,27,1127.3108215224,36
"SA000040361",1974,2017,44,0.602059991327962,0.780822653520234,0.893550772507246,0.291490781179283,10,4,0.708509218820717,0.219177346479766,0.489331872340951,0.309350027716756,0.690649972283244,0.489331872340951,535.660378694782,9,172.244819064015,27,707.905197758796,36
"SA000040430",1958,2017,60,0.602059991327962,0.590131041370713,0.746559427618322,0.144499436290359,10,4,0.855500563709641,0.409868958629287,0.445631605080354,0.479098408599527,0.520901591400473,0.445631605080354,821.9779447792,9,213.90317043857,27,1035.88111521777,36
"SA000041024",1978,2017,40,0.602059991327962,0.80199422918671,0.9679446919327,0.365884700604737,10,4,0.634115299395263,0.19800577081329,0.436109528581973,0.312255154547008,0.687744845452992,0.436109528581973,480.189076418347,9,139.555049146231,27,619.744125564579,36
"SA000403940",1973,2017,45,0.602059991327962,0.772102076863103,0.901725441585808,0.299665450257846,10,4,0.700334549742154,0.227897923136897,0.472436626605257,0.325412937603611,0.674587062396389,0.472436626605257,550.973885807139,9,170.077185577893,27,721.051071385032,36
"SG000001627",1934,2017,84,0.602059991327962,0.74694937752672,1.06932869609753,0.467268704769566,10,4,0.532731295230434,0.25305062247328,0.279680672757154,0.475006114224663,0.524993885775337,0.279680672757154,1045.38720079404,9,187.945412092807,27,1233.33261288685,36
"SG00000O067",1940,1983,44,0.602059991327962,0.699208638223861,0.843406747311675,0.241346755983713,10,4,0.758653244016287,0.300791361776139,0.457861882240149,0.396480690155305,0.603519309844695,0.457861882240149,564.388512079105,9,161.167382548532,27,725.555894627637,36
"SG00000O077",1940,1963,24,0.602059991327962,0.640998816051777,0.935569387548362,0.3335093962204,10,4,0.6664906037796,0.359001183948223,0.307489419831377,0.53864402875654,0.46135597124346,0.307489419831377,319.024565172916,9,59.0379686076245,27,378.06253378054,36
"SG000061687",1973,2017,45,0.602059991327962,0.649897361209387,0.867223087571927,0.265163096243964,10,4,0.734836903756036,0.350102638790613,0.384734264965423,0.476435841750874,0.523564158249125,0.384734264965423,594.967583442477,9,138.504335387552,27,733.471918830029,36
"SP000060338",1961,2017,57,0.602059991327962,0.687150213763271,0.823762030223484,0.221702038895521,10,4,0.778297961104479,0.312849786236729,0.465448174867749,0.4019666013165,0.598033398683499,0.46544817486775,736.638304929233,9,212.244367739694,27,948.882672668927,36
"SU000062641",1957,2014,58,0.602059991327962,0.621026704712331,0.869001623874374,0.266941632546412,10,4,0.733058367453588,0.378973295287669,0.354085072165919,0.51697560810076,0.48302439189924,0.354085072165919,780.243092162716,9,164.295473484986,27,944.538565647702,36
"SU000062762",1961,2015,55,0.602059991327962,0.626318179570483,0.865555126767638,0.263495135439675,10,4,0.736504864560325,0.373681820429517,0.362823044130808,0.507371829312486,0.492628170687514,0.362823044130808,737.557441906368,9,159.642139417555,27,897.199581323923,36
"SU000062781",1961,2015,55,0.602059991327962,0.633453753422155,0.812498415212485,0.210438423884523,10,4,0.789561576115477,0.366546246577845,0.423015329537632,0.46424022858508,0.53575977141492,0.423015329537632,734.417789411632,9,186.126744996558,27,920.54453440819,36
"SU000062790",1961,2015,55,0.602059991327962,0.563186069368665,0.824106099101186,0.222046107773223,10,4,0.777953892226777,0.436813930631335,0.341139961595441,0.561490770848926,0.438509229151074,0.341139961595441,765.335570395168,9,150.101583101994,27,915.437153497162,36
"SU000062840",1957,2010,54,0.602059991327962,0.612055297950702,0.917494794646381,0.315434803318418,10,4,0.684565196681582,0.387944702049298,0.296620494632283,0.566702344685143,0.433297655314857,0.296620494632283,730.308871458725,9,128.140053681146,27,858.448925139871,36
"SWE00140960",1965,2016,52,0.602059991327962,0.85951889244528,0.991381222812889,0.389321231484927,10,4,0.610678768515073,0.14048110755472,0.470197660960353,0.230040922982003,0.769959077017997,0.470197660960353,600.315539428287,9,195.602226959507,27,795.917766387794,36
"TDW00011621",1945,1955,11,0.602059991327962,0.373767861026378,0.881824124464732,0.279764133136769,10,4,0.720235866863231,0.626232138973622,0.0940037278896093,0.869482023577895,0.130517976422105,0.0940037278896093,169.735916413155,9,8.27232805428562,27,178.00824446744,36
"TH000048303",1951,2017,67,0.602059991327962,0.727635770679085,0.885650241787984,0.283590250460021,10,4,0.716409749539979,0.272364229320915,0.444045520219064,0.380179400818883,0.619820599181117,0.444045520219064,844.172836760819,9,238.008398837418,27,1082.18123559824,36
"TH000048330",1952,2017,66,0.602059991327962,0.705266394895175,0.947238269375474,0.345178278047512,10,4,0.654821721952488,0.294733605104825,0.360088116847662,0.450097477258414,0.549902522741586,0.360088116847663,843.384272596204,9,190.126525695566,27,1033.51079829177,36
"TH000048331",1951,1980,30,0.602059991327962,0.662478984225466,0.839042500733512,0.236982509405549,10,4,0.763017490594451,0.337521015774534,0.425496474819917,0.442350299875273,0.557649700124727,0.425496474819917,393.625466104459,9,102.11915395678,27,495.744620061239,36
"TH000048455",1951,2017,67,0.602059991327962,0.545957614779424,0.90933365431082,0.307273662982858,10,4,0.692726337017142,0.454042385220576,0.238683951796566,0.65544264878923,0.344557351210771,0.238683951796566,941.552328323037,9,127.934598162959,27,1069.486926486,36
"TH000048456",1943,2017,75,0.602059991327962,0.425051664604177,0.810541929633712,0.208481938305749,10,4,0.791518061694251,0.574948335395823,0.216569726298428,0.726386880123925,0.273613119876075,0.216569726298428,1126.52005703392,9,129.941835779057,27,1256.46189281298,36
"TH000048459",1951,2017,67,0.602059991327962,0.558996392298765,0.907779781079494,0.305719789751532,10,4,0.694280210248468,0.441003607701235,0.253276602547233,0.635195417054173,0.364804582945827,0.253276602547233,934.56354357267,9,135.756258965317,27,1070.31980253799,36
"TO000005352",1945,1972,28,0.602059991327962,0.622640846812338,0.851746665477622,0.24968667414966,10,4,0.75031332585034,0.377359153187662,0.372954172662678,0.502935427356293,0.497064572643707,0.372954172662678,376.307511144703,9,83.5417346764398,27,459.849245821142,36
"TU000017074",1930,2015,86,0.602059991327962,0.718725787812056,0.858187726924894,0.256127735596931,10,4,0.743872264403069,0.281274212187944,0.462598052215125,0.378121655622765,0.621878344377235,0.462598052215125,1089.69520196521,9,318.267459924006,27,1407.96266188921,36
"TU000017090",1929,2017,89,0.602059991327962,0.608015896760678,0.908076883103646,0.306016891775684,10,4,0.693983108224316,0.391984103239322,0.301999004984995,0.564832340433019,0.435167659566981,0.301999004984995,1206.53326771816,9,215.023291549316,27,1421.55655926747,36
"TU000017170",1938,2017,80,0.602059991327962,0.774602642935229,0.868592756906133,0.266532765578171,10,4,0.733467234421829,0.225397357064771,0.508069877357059,0.307303921002613,0.692696078997387,0.508069877357059,977.908768037643,9,325.164721508517,27,1303.07348954616,36
"TU000017240",1929,2017,89,0.602059991327962,0.791720143423836,0.902357209642077,0.300297218314114,10,4,0.699702781685886,0.208279856576164,0.491422925109721,0.297669041809907,0.702330958190093,0.491422925109721,1075.73584409399,9,349.893122678122,27,1425.62896677211,36
"TUW00033308",1955,1967,13,0.602059991327962,0.829092629726647,0.94764658538045,0.345586594052488,10,4,0.654413405947512,0.170907370273353,0.48350603567416,0.261161169254929,0.738838830745072,0.48350603567416,153.243216179809,9,50.2846277101126,27,203.527843889922,36
"USC00026132",1944,2017,74,0.602059991327962,0.815678600382754,0.902446436991345,0.300386445663382,10,4,0.699613554336618,0.184321399617246,0.515292154719372,0.263461733230743,0.736538266769257,0.515292154719372,880.248643625885,9,305.052955593868,27,1185.30159921975,36
"USC00026630",1936,1955,20,0.602059991327962,0.776825737605753,0.868727217803001,0.266667226475039,10,4,0.733332773524961,0.223174262394247,0.510158511130714,0.304328771945512,0.695671228054489,0.510158511130714,244.121496862127,9,81.6253617809142,27,325.746858643041,36
"USC00028343",1899,1987,89,0.602059991327962,0.729434573193638,0.925683507842087,0.323623516514124,10,4,0.676376483485876,0.270565426806362,0.405811056679514,0.400021930703349,0.599978069296651,0.405811056679514,1120.08317009789,9,288.937472355814,27,1409.0206424537,36
"USC00028895",1941,1985,45,0.602059991327962,0.785289231493323,0.879913426634013,0.27785343530605,10,4,0.72214656469395,0.214710768506677,0.507435796187273,0.297322979854751,0.702677020145249,0.507435796187273,546.22651014026,9,182.676886627418,27,728.903396767678,36
"USC00251130",1963,2001,39,0.602059991327962,0.686781551909969,0.844262037742842,0.24220204641488,10,4,0.75779795358512,0.313218448090031,0.444579505495089,0.41332712315757,0.58667287684243,0.444579505495089,504.130704818232,9,138.708805714468,27,642.8395105327,36
"USC00327585",1948,2017,70,0.602059991327962,0.664304221272597,0.806544511468747,0.204484520140784,10,4,0.795515479859216,0.335695778727403,0.459819701131813,0.421985224959811,0.578014775040189,0.459819701131813,917.437288164011,9,257.499032633815,27,1174.93632079783,36
"USC00328877",1912,1954,43,0.602059991327962,0.688006861325726,0.840904870209178,0.238844878881216,10,4,0.761155121118784,0.311993138674274,0.44916198244451,0.409894290950431,0.590105709049569,0.44916198244451,555.414911693902,9,154.511721960912,27,709.926633654813,36
"USC00502173",1955,2017,63,0.602059991327962,0.721123808687397,0.889911893844763,0.287851902516801,10,4,0.712148097483199,0.278876191312603,0.433271906170596,0.391598590655762,0.608401409344238,0.433271906170596,797.056487290551,9,218.36904070998,27,1015.42552800053,36
"USC00502179",2004,2017,14,0.602059991327962,0.712264848183983,0.976168270750668,0.374108279422705,10,4,0.625891720577295,0.287735151816017,0.338156568761278,0.459720335572778,0.540279664427223,0.338156568761278,178.115867418727,9,37.8735357012631,27,215.98940311999,36
"USR0000ANIX",1992,2017,26,0.602059991327962,0.752845967603105,0.938014208027078,0.335954216699115,10,4,0.664045783300885,0.247154032396895,0.416891750903989,0.372194265233227,0.627805734766773,0.416891750903989,322.345738081316,9,86.7134841880298,27,409.059222269346,36
"USR0000AROB",1986,2013,28,0.602059991327962,0.702139696611094,0.83012782114174,0.228067829813777,10,4,0.771932170186223,0.297860303388906,0.474071866797316,0.385863311431949,0.614136688568051,0.474071866797316,358.499768789781,9,106.192098162599,27,464.69186695238,36
"USS0021G04S",1998,2017,20,0.602059991327962,0.709804443664237,0.906989678546768,0.304929687218806,10,4,0.695070312781194,0.290195556335763,0.404874756445432,0.417505324280934,0.582494675719066,0.404874756445431,254.844903892769,9,64.7799610312691,27,319.624864924038,36
"USW00026410",1909,2017,109,0.602059991327962,0.737581019686176,0.975960844458543,0.37390085313058,10,4,0.62609914686942,0.262418980313824,0.363680166555596,0.419133266074478,0.580866733925522,0.363680166555596,1364.68355192446,9,317.12910523648,27,1681.81265716094,36
"UV000005501",1945,1980,36,0.602059991327962,0.689021151752682,0.90178645475058,0.299726463422618,10,4,0.700273536577382,0.310978848247318,0.389294688330065,0.444081965123572,0.555918034876428,0.389294688330065,464.706415077513,9,112.116870239059,27,576.823285316571,36
"UV000005502",1967,2017,51,0.602059991327962,0.736503935191417,0.936855642502079,0.334795651174116,10,4,0.665204348825884,0.263496064808583,0.401708284017301,0.396112961789359,0.603887038210641,0.401708284017301,638.961112383473,9,163.896979879059,27,802.858092262531,36
"UV000005507",1945,2017,73,0.602059991327962,0.73575236662699,0.917750031738464,0.315690040410502,10,4,0.684309959589498,0.26424763337301,0.420062326216489,0.386151961797437,0.613848038202563,0.420062326216489,915.03031219836,9,245.316398510429,27,1160.34671070879,36
"UV000005516",1945,1980,36,0.602059991327962,0.671248414790899,0.846146674880045,0.244086683552083,10,4,0.755913316447917,0.328751585209101,0.427161731238816,0.434906460907349,0.565093539092651,0.427161731238816,469.824963322506,9,123.022578596779,27,592.847541919286,36
"UV000065501",1973,2017,45,0.602059991327962,0.719838526548517,0.897917006523075,0.295857015195113,10,4,0.704142984804887,0.280161473451483,0.423981511353405,0.397875828485479,0.602124171514521,0.423981511353405,569.78876392039,9,152.633344087226,27,722.422108007616,36
"UV000065516",1973,2017,45,0.602059991327962,0.723045424772037,0.801560466190049,0.199500474862087,10,4,0.800499525137913,0.276954575227963,0.52354494990995,0.345977188656355,0.654022811343644,0.52354494990995,568.634280559923,9,188.476181967582,27,757.110462527505,36
"UZM00038462",1973,2017,45,0.602059991327962,0.575207503026972,0.732649049624506,0.130589058296544,10,4,0.869410941703456,0.424792496973028,0.444618444730428,0.488598057140531,0.511401942859469,0.444618444730428,621.855932388147,9,160.062640102954,27,781.918572491101,36
"VE000080423",1961,2016,56,0.602059991327962,0.589484969115284,1.06486802033457,0.462808029006603,10,4,0.537191970993397,0.410515030884716,0.126676940108681,0.764186832736116,0.235813167263884,0.126676940108681,767.468855497685,9,56.7512691686892,27,824.220124666374,36
"VE000080453",1961,2000,40,0.602059991327962,0.289268494647631,0.852732664987221,0.250672673659259,10,4,0.749327326340741,0.710731505352369,0.0385958209883721,0.948492708551214,0.051507291448786,0.0385958209883721,644.261311470853,9,12.3506627162791,27,656.611974187132,36
"WF000917530",1971,2017,47,0.602059991327962,0.37738350487797,0.964195218423355,0.362135227095392,10,4,0.637864772904608,0.62261649512203,0.0152482777825779,0.976094811266748,0.0239051887332525,0.0152482777825779,723.875797131645,9,5.73335244624928,27,729.609149577894,36
